waterline,z_m,x_m,y_m
1,-0.4264,3.3669,0.0598
1,-0.4264,3.4459,0.1084
1,-0.4264,3.5250,0.1422
1,-0.4264,3.6040,0.1705
1,-0.4264,3.6830,0.1954
1,-0.4264,3.7621,0.2179
1,-0.4264,3.8411,0.2389
1,-0.4264,3.9201,0.2581
1,-0.4264,3.9992,0.2762
1,-0.4264,4.0782,0.2934
1,-0.4264,4.1572,0.3095
1,-0.4264,4.2363,0.3248
1,-0.4264,4.3153,0.3393
1,-0.4264,4.3943,0.3528
1,-0.4264,4.4734,0.3657
1,-0.4264,4.5524,0.3778
1,-0.4264,4.6314,0.3890
1,-0.4264,4.7105,0.3996
1,-0.4264,4.7895,0.4077
1,-0.4264,4.8686,0.4129
1,-0.4264,4.9476,0.4173
1,-0.4264,5.0266,0.4210
1,-0.4264,5.1057,0.4240
1,-0.4264,5.1847,0.4263
1,-0.4264,5.2637,0.4278
1,-0.4264,5.3428,0.4285
1,-0.4264,5.4218,0.4286
1,-0.4264,5.5008,0.4281
1,-0.4264,5.5799,0.4271
1,-0.4264,5.6589,0.4254
1,-0.4264,5.7379,0.4231
1,-0.4264,5.8170,0.4204
1,-0.4264,5.8960,0.4171
1,-0.4264,5.9750,0.4132
1,-0.4264,6.0541,0.4088
1,-0.4264,6.1331,0.4039
1,-0.4264,6.2121,0.3986
1,-0.4264,6.2912,0.3929
1,-0.4264,6.3702,0.3867
1,-0.4264,6.4492,0.3802
1,-0.4264,6.5283,0.3733
1,-0.4264,6.6073,0.3660
1,-0.4264,6.6863,0.3585
1,-0.4264,6.7654,0.3506
1,-0.4264,6.8444,0.3424
1,-0.4264,6.9234,0.3340
1,-0.4264,7.0025,0.3254
1,-0.4264,7.0815,0.3165
1,-0.4264,7.1605,0.3074
1,-0.4264,7.2396,0.2981
1,-0.4264,7.3186,0.2887
1,-0.4264,7.3976,0.2791
1,-0.4264,7.4767,0.2695
1,-0.4264,7.5557,0.2598
1,-0.4264,7.6347,0.2500
1,-0.4264,7.7138,0.2402
1,-0.4264,7.7928,0.2305
1,-0.4264,7.8718,0.2208
1,-0.4264,7.9509,0.2111
1,-0.4264,8.0299,0.2015
1,-0.4264,8.1089,0.1920
1,-0.4264,8.1880,0.1826
1,-0.4264,8.2670,0.1734
1,-0.4264,8.3460,0.1644
1,-0.4264,8.4251,0.1556
1,-0.4264,8.5041,0.1471
1,-0.4264,8.5831,0.1389
1,-0.4264,8.6622,0.1310
1,-0.4264,8.7412,0.1234
1,-0.4264,8.8202,0.1162
1,-0.4264,8.8993,0.1095
1,-0.4264,8.9783,0.1032
1,-0.4264,9.0573,0.0973
1,-0.4264,9.1364,0.0920
1,-0.4264,9.2154,0.0873
1,-0.4264,9.2944,0.0832
1,-0.4264,9.3735,0.0797
1,-0.4264,9.4525,0.0768
1,-0.4264,9.4525,-0.0768
1,-0.4264,9.3735,-0.0797
1,-0.4264,9.2944,-0.0832
1,-0.4264,9.2154,-0.0873
1,-0.4264,9.1364,-0.0920
1,-0.4264,9.0573,-0.0973
1,-0.4264,8.9783,-0.1032
1,-0.4264,8.8993,-0.1095
1,-0.4264,8.8202,-0.1162
1,-0.4264,8.7412,-0.1234
1,-0.4264,8.6622,-0.1310
1,-0.4264,8.5831,-0.1389
1,-0.4264,8.5041,-0.1471
1,-0.4264,8.4251,-0.1556
1,-0.4264,8.3460,-0.1644
1,-0.4264,8.2670,-0.1734
1,-0.4264,8.1880,-0.1826
1,-0.4264,8.1089,-0.1920
1,-0.4264,8.0299,-0.2015
1,-0.4264,7.9509,-0.2111
1,-0.4264,7.8718,-0.2208
1,-0.4264,7.7928,-0.2305
1,-0.4264,7.7138,-0.2402
1,-0.4264,7.6347,-0.2500
1,-0.4264,7.5557,-0.2598
1,-0.4264,7.4767,-0.2695
1,-0.4264,7.3976,-0.2791
1,-0.4264,7.3186,-0.2887
1,-0.4264,7.2396,-0.2981
1,-0.4264,7.1605,-0.3074
1,-0.4264,7.0815,-0.3165
1,-0.4264,7.0025,-0.3254
1,-0.4264,6.9234,-0.3340
1,-0.4264,6.8444,-0.3424
1,-0.4264,6.7654,-0.3506
1,-0.4264,6.6863,-0.3585
1,-0.4264,6.6073,-0.3660
1,-0.4264,6.5283,-0.3733
1,-0.4264,6.4492,-0.3802
1,-0.4264,6.3702,-0.3867
1,-0.4264,6.2912,-0.3929
1,-0.4264,6.2121,-0.3986
1,-0.4264,6.1331,-0.4039
1,-0.4264,6.0541,-0.4088
1,-0.4264,5.9750,-0.4132
1,-0.4264,5.8960,-0.4171
1,-0.4264,5.8170,-0.4204
1,-0.4264,5.7379,-0.4231
1,-0.4264,5.6589,-0.4254
1,-0.4264,5.5799,-0.4271
1,-0.4264,5.5008,-0.4281
1,-0.4264,5.4218,-0.4286
1,-0.4264,5.3428,-0.4285
1,-0.4264,5.2637,-0.4278
1,-0.4264,5.1847,-0.4263
1,-0.4264,5.1057,-0.4240
1,-0.4264,5.0266,-0.4210
1,-0.4264,4.9476,-0.4173
1,-0.4264,4.8686,-0.4129
1,-0.4264,4.7895,-0.4077
1,-0.4264,4.7105,-0.3996
1,-0.4264,4.6314,-0.3890
1,-0.4264,4.5524,-0.3778
1,-0.4264,4.4734,-0.3657
1,-0.4264,4.3943,-0.3528
1,-0.4264,4.3153,-0.3393
1,-0.4264,4.2363,-0.3248
1,-0.4264,4.1572,-0.3095
1,-0.4264,4.0782,-0.2934
1,-0.4264,3.9992,-0.2762
1,-0.4264,3.9201,-0.2581
1,-0.4264,3.8411,-0.2389
1,-0.4264,3.7621,-0.2179
1,-0.4264,3.6830,-0.1954
1,-0.4264,3.6040,-0.1705
1,-0.4264,3.5250,-0.1422
1,-0.4264,3.4459,-0.1084
1,-0.4264,3.3669,-0.0598
2,-0.3484,1.8653,0.0508
2,-0.3484,1.9443,0.0889
2,-0.3484,2.0233,0.1177
2,-0.3484,2.1024,0.1432
2,-0.3484,2.1814,0.1666
2,-0.3484,2.2604,0.1888
2,-0.3484,2.3395,0.2103
2,-0.3484,2.4185,0.2312
2,-0.3484,2.4975,0.2516
2,-0.3484,2.5766,0.2717
2,-0.3484,2.6556,0.2914
2,-0.3484,2.7346,0.3108
2,-0.3484,2.8137,0.3301
2,-0.3484,2.8927,0.3489
2,-0.3484,2.9717,0.3677
2,-0.3484,3.0508,0.3861
2,-0.3484,3.1298,0.4043
2,-0.3484,3.2088,0.4222
2,-0.3484,3.2879,0.4399
2,-0.3484,3.3669,0.4572
2,-0.3484,3.4459,0.4742
2,-0.3484,3.5250,0.4911
2,-0.3484,3.6040,0.5075
2,-0.3484,3.6830,0.5235
2,-0.3484,3.7621,0.5392
2,-0.3484,3.8411,0.5545
2,-0.3484,3.9201,0.5694
2,-0.3484,3.9992,0.5837
2,-0.3484,4.0782,0.5977
2,-0.3484,4.1572,0.6112
2,-0.3484,4.2363,0.6242
2,-0.3484,4.3153,0.6365
2,-0.3484,4.3943,0.6483
2,-0.3484,4.4734,0.6595
2,-0.3484,4.5524,0.6700
2,-0.3484,4.6314,0.6799
2,-0.3484,4.7105,0.6891
2,-0.3484,4.7895,0.6944
2,-0.3484,4.8686,0.6957
2,-0.3484,4.9476,0.6963
2,-0.3484,5.0266,0.6963
2,-0.3484,5.1057,0.6955
2,-0.3484,5.1847,0.6940
2,-0.3484,5.2637,0.6919
2,-0.3484,5.3428,0.6891
2,-0.3484,5.4218,0.6857
2,-0.3484,5.5008,0.6817
2,-0.3484,5.5799,0.6771
2,-0.3484,5.6589,0.6718
2,-0.3484,5.7379,0.6660
2,-0.3484,5.8170,0.6596
2,-0.3484,5.8960,0.6526
2,-0.3484,5.9750,0.6451
2,-0.3484,6.0541,0.6371
2,-0.3484,6.1331,0.6286
2,-0.3484,6.2121,0.6196
2,-0.3484,6.2912,0.6102
2,-0.3484,6.3702,0.6004
2,-0.3484,6.4492,0.5901
2,-0.3484,6.5283,0.5794
2,-0.3484,6.6073,0.5683
2,-0.3484,6.6863,0.5569
2,-0.3484,6.7654,0.5452
2,-0.3484,6.8444,0.5331
2,-0.3484,6.9234,0.5207
2,-0.3484,7.0025,0.5081
2,-0.3484,7.0815,0.4952
2,-0.3484,7.1605,0.4820
2,-0.3484,7.2396,0.4687
2,-0.3484,7.3186,0.4552
2,-0.3484,7.3976,0.4415
2,-0.3484,7.4767,0.4278
2,-0.3484,7.5557,0.4139
2,-0.3484,7.6347,0.3999
2,-0.3484,7.7138,0.3859
2,-0.3484,7.7928,0.3719
2,-0.3484,7.8718,0.3579
2,-0.3484,7.9509,0.3440
2,-0.3484,8.0299,0.3301
2,-0.3484,8.1089,0.3164
2,-0.3484,8.1880,0.3029
2,-0.3484,8.2670,0.2895
2,-0.3484,8.3460,0.2765
2,-0.3484,8.4251,0.2637
2,-0.3484,8.5041,0.2512
2,-0.3484,8.5831,0.2392
2,-0.3484,8.6622,0.2275
2,-0.3484,8.7412,0.2164
2,-0.3484,8.8202,0.2059
2,-0.3484,8.8993,0.1960
2,-0.3484,8.9783,0.1867
2,-0.3484,9.0573,0.1783
2,-0.3484,9.1364,0.1707
2,-0.3484,9.2154,0.1640
2,-0.3484,9.2944,0.1585
2,-0.3484,9.3735,0.1541
2,-0.3484,9.4525,0.1509
2,-0.3484,9.4525,-0.1509
2,-0.3484,9.3735,-0.1541
2,-0.3484,9.2944,-0.1585
2,-0.3484,9.2154,-0.1640
2,-0.3484,9.1364,-0.1707
2,-0.3484,9.0573,-0.1783
2,-0.3484,8.9783,-0.1867
2,-0.3484,8.8993,-0.1960
2,-0.3484,8.8202,-0.2059
2,-0.3484,8.7412,-0.2164
2,-0.3484,8.6622,-0.2275
2,-0.3484,8.5831,-0.2392
2,-0.3484,8.5041,-0.2512
2,-0.3484,8.4251,-0.2637
2,-0.3484,8.3460,-0.2765
2,-0.3484,8.2670,-0.2895
2,-0.3484,8.1880,-0.3029
2,-0.3484,8.1089,-0.3164
2,-0.3484,8.0299,-0.3301
2,-0.3484,7.9509,-0.3440
2,-0.3484,7.8718,-0.3579
2,-0.3484,7.7928,-0.3719
2,-0.3484,7.7138,-0.3859
2,-0.3484,7.6347,-0.3999
2,-0.3484,7.5557,-0.4139
2,-0.3484,7.4767,-0.4278
2,-0.3484,7.3976,-0.4415
2,-0.3484,7.3186,-0.4552
2,-0.3484,7.2396,-0.4687
2,-0.3484,7.1605,-0.4820
2,-0.3484,7.0815,-0.4952
2,-0.3484,7.0025,-0.5081
2,-0.3484,6.9234,-0.5207
2,-0.3484,6.8444,-0.5331
2,-0.3484,6.7654,-0.5452
2,-0.3484,6.6863,-0.5569
2,-0.3484,6.6073,-0.5683
2,-0.3484,6.5283,-0.5794
2,-0.3484,6.4492,-0.5901
2,-0.3484,6.3702,-0.6004
2,-0.3484,6.2912,-0.6102
2,-0.3484,6.2121,-0.6196
2,-0.3484,6.1331,-0.6286
2,-0.3484,6.0541,-0.6371
2,-0.3484,5.9750,-0.6451
2,-0.3484,5.8960,-0.6526
2,-0.3484,5.8170,-0.6596
2,-0.3484,5.7379,-0.6660
2,-0.3484,5.6589,-0.6718
2,-0.3484,5.5799,-0.6771
2,-0.3484,5.5008,-0.6817
2,-0.3484,5.4218,-0.6857
2,-0.3484,5.3428,-0.6891
2,-0.3484,5.2637,-0.6919
2,-0.3484,5.1847,-0.6940
2,-0.3484,5.1057,-0.6955
2,-0.3484,5.0266,-0.6963
2,-0.3484,4.9476,-0.6963
2,-0.3484,4.8686,-0.6957
2,-0.3484,4.7895,-0.6944
2,-0.3484,4.7105,-0.6891
2,-0.3484,4.6314,-0.6799
2,-0.3484,4.5524,-0.6700
2,-0.3484,4.4734,-0.6595
2,-0.3484,4.3943,-0.6483
2,-0.3484,4.3153,-0.6365
2,-0.3484,4.2363,-0.6242
2,-0.3484,4.1572,-0.6112
2,-0.3484,4.0782,-0.5977
2,-0.3484,3.9992,-0.5837
2,-0.3484,3.9201,-0.5694
2,-0.3484,3.8411,-0.5545
2,-0.3484,3.7621,-0.5392
2,-0.3484,3.6830,-0.5235
2,-0.3484,3.6040,-0.5075
2,-0.3484,3.5250,-0.4911
2,-0.3484,3.4459,-0.4742
2,-0.3484,3.3669,-0.4572
2,-0.3484,3.2879,-0.4399
2,-0.3484,3.2088,-0.4222
2,-0.3484,3.1298,-0.4043
2,-0.3484,3.0508,-0.3861
2,-0.3484,2.9717,-0.3677
2,-0.3484,2.8927,-0.3489
2,-0.3484,2.8137,-0.3301
2,-0.3484,2.7346,-0.3108
2,-0.3484,2.6556,-0.2914
2,-0.3484,2.5766,-0.2717
2,-0.3484,2.4975,-0.2516
2,-0.3484,2.4185,-0.2312
2,-0.3484,2.3395,-0.2103
2,-0.3484,2.2604,-0.1888
2,-0.3484,2.1814,-0.1666
2,-0.3484,2.1024,-0.1432
2,-0.3484,2.0233,-0.1177
2,-0.3484,1.9443,-0.0889
2,-0.3484,1.8653,-0.0508
3,-0.2704,0.9169,0.0126
3,-0.2704,0.9959,0.0456
3,-0.2704,1.0749,0.0672
3,-0.2704,1.1540,0.0867
3,-0.2704,1.2330,0.1053
3,-0.2704,1.3120,0.1237
3,-0.2704,1.3911,0.1419
3,-0.2704,1.4701,0.1601
3,-0.2704,1.5491,0.1784
3,-0.2704,1.6282,0.1968
3,-0.2704,1.7072,0.2154
3,-0.2704,1.7862,0.2340
3,-0.2704,1.8653,0.2528
3,-0.2704,1.9443,0.2717
3,-0.2704,2.0233,0.2907
3,-0.2704,2.1024,0.3098
3,-0.2704,2.1814,0.3289
3,-0.2704,2.2604,0.3482
3,-0.2704,2.3395,0.3674
3,-0.2704,2.4185,0.3866
3,-0.2704,2.4975,0.4059
3,-0.2704,2.5766,0.4250
3,-0.2704,2.6556,0.4442
3,-0.2704,2.7346,0.4633
3,-0.2704,2.8137,0.4822
3,-0.2704,2.8927,0.5012
3,-0.2704,2.9717,0.5199
3,-0.2704,3.0508,0.5385
3,-0.2704,3.1298,0.5570
3,-0.2704,3.2088,0.5753
3,-0.2704,3.2879,0.5933
3,-0.2704,3.3669,0.6111
3,-0.2704,3.4459,0.6286
3,-0.2704,3.5250,0.6458
3,-0.2704,3.6040,0.6628
3,-0.2704,3.6830,0.6794
3,-0.2704,3.7621,0.6955
3,-0.2704,3.8411,0.7113
3,-0.2704,3.9201,0.7266
3,-0.2704,3.9992,0.7415
3,-0.2704,4.0782,0.7559
3,-0.2704,4.1572,0.7698
3,-0.2704,4.2363,0.7831
3,-0.2704,4.3153,0.7958
3,-0.2704,4.3943,0.8079
3,-0.2704,4.4734,0.8192
3,-0.2704,4.5524,0.8299
3,-0.2704,4.6314,0.8399
3,-0.2704,4.7105,0.8491
3,-0.2704,4.7895,0.8535
3,-0.2704,4.8686,0.8533
3,-0.2704,4.9476,0.8523
3,-0.2704,5.0266,0.8506
3,-0.2704,5.1057,0.8482
3,-0.2704,5.1847,0.8450
3,-0.2704,5.2637,0.8412
3,-0.2704,5.3428,0.8365
3,-0.2704,5.4218,0.8313
3,-0.2704,5.5008,0.8253
3,-0.2704,5.5799,0.8187
3,-0.2704,5.6589,0.8115
3,-0.2704,5.7379,0.8037
3,-0.2704,5.8170,0.7953
3,-0.2704,5.8960,0.7862
3,-0.2704,5.9750,0.7767
3,-0.2704,6.0541,0.7666
3,-0.2704,6.1331,0.7560
3,-0.2704,6.2121,0.7449
3,-0.2704,6.2912,0.7332
3,-0.2704,6.3702,0.7212
3,-0.2704,6.4492,0.7086
3,-0.2704,6.5283,0.6957
3,-0.2704,6.6073,0.6823
3,-0.2704,6.6863,0.6686
3,-0.2704,6.7654,0.6545
3,-0.2704,6.8444,0.6400
3,-0.2704,6.9234,0.6253
3,-0.2704,7.0025,0.6102
3,-0.2704,7.0815,0.5949
3,-0.2704,7.1605,0.5793
3,-0.2704,7.2396,0.5635
3,-0.2704,7.3186,0.5475
3,-0.2704,7.3976,0.5313
3,-0.2704,7.4767,0.5150
3,-0.2704,7.5557,0.4986
3,-0.2704,7.6347,0.4821
3,-0.2704,7.7138,0.4656
3,-0.2704,7.7928,0.4491
3,-0.2704,7.8718,0.4326
3,-0.2704,7.9509,0.4161
3,-0.2704,8.0299,0.3998
3,-0.2704,8.1089,0.3836
3,-0.2704,8.1880,0.3676
3,-0.2704,8.2670,0.3518
3,-0.2704,8.3460,0.3363
3,-0.2704,8.4251,0.3212
3,-0.2704,8.5041,0.3064
3,-0.2704,8.5831,0.2921
3,-0.2704,8.6622,0.2783
3,-0.2704,8.7412,0.2651
3,-0.2704,8.8202,0.2526
3,-0.2704,8.8993,0.2408
3,-0.2704,8.9783,0.2299
3,-0.2704,9.0573,0.2198
3,-0.2704,9.1364,0.2109
3,-0.2704,9.2154,0.2031
3,-0.2704,9.2944,0.1965
3,-0.2704,9.3735,0.1915
3,-0.2704,9.4525,0.1880
3,-0.2704,9.4525,-0.1880
3,-0.2704,9.3735,-0.1915
3,-0.2704,9.2944,-0.1965
3,-0.2704,9.2154,-0.2031
3,-0.2704,9.1364,-0.2109
3,-0.2704,9.0573,-0.2198
3,-0.2704,8.9783,-0.2299
3,-0.2704,8.8993,-0.2408
3,-0.2704,8.8202,-0.2526
3,-0.2704,8.7412,-0.2651
3,-0.2704,8.6622,-0.2783
3,-0.2704,8.5831,-0.2921
3,-0.2704,8.5041,-0.3064
3,-0.2704,8.4251,-0.3212
3,-0.2704,8.3460,-0.3363
3,-0.2704,8.2670,-0.3518
3,-0.2704,8.1880,-0.3676
3,-0.2704,8.1089,-0.3836
3,-0.2704,8.0299,-0.3998
3,-0.2704,7.9509,-0.4161
3,-0.2704,7.8718,-0.4326
3,-0.2704,7.7928,-0.4491
3,-0.2704,7.7138,-0.4656
3,-0.2704,7.6347,-0.4821
3,-0.2704,7.5557,-0.4986
3,-0.2704,7.4767,-0.5150
3,-0.2704,7.3976,-0.5313
3,-0.2704,7.3186,-0.5475
3,-0.2704,7.2396,-0.5635
3,-0.2704,7.1605,-0.5793
3,-0.2704,7.0815,-0.5949
3,-0.2704,7.0025,-0.6102
3,-0.2704,6.9234,-0.6253
3,-0.2704,6.8444,-0.6400
3,-0.2704,6.7654,-0.6545
3,-0.2704,6.6863,-0.6686
3,-0.2704,6.6073,-0.6823
3,-0.2704,6.5283,-0.6957
3,-0.2704,6.4492,-0.7086
3,-0.2704,6.3702,-0.7212
3,-0.2704,6.2912,-0.7332
3,-0.2704,6.2121,-0.7449
3,-0.2704,6.1331,-0.7560
3,-0.2704,6.0541,-0.7666
3,-0.2704,5.9750,-0.7767
3,-0.2704,5.8960,-0.7862
3,-0.2704,5.8170,-0.7953
3,-0.2704,5.7379,-0.8037
3,-0.2704,5.6589,-0.8115
3,-0.2704,5.5799,-0.8187
3,-0.2704,5.5008,-0.8253
3,-0.2704,5.4218,-0.8313
3,-0.2704,5.3428,-0.8365
3,-0.2704,5.2637,-0.8412
3,-0.2704,5.1847,-0.8450
3,-0.2704,5.1057,-0.8482
3,-0.2704,5.0266,-0.8506
3,-0.2704,4.9476,-0.8523
3,-0.2704,4.8686,-0.8533
3,-0.2704,4.7895,-0.8535
3,-0.2704,4.7105,-0.8491
3,-0.2704,4.6314,-0.8399
3,-0.2704,4.5524,-0.8299
3,-0.2704,4.4734,-0.8192
3,-0.2704,4.3943,-0.8079
3,-0.2704,4.3153,-0.7958
3,-0.2704,4.2363,-0.7831
3,-0.2704,4.1572,-0.7698
3,-0.2704,4.0782,-0.7559
3,-0.2704,3.9992,-0.7415
3,-0.2704,3.9201,-0.7266
3,-0.2704,3.8411,-0.7113
3,-0.2704,3.7621,-0.6955
3,-0.2704,3.6830,-0.6794
3,-0.2704,3.6040,-0.6628
3,-0.2704,3.5250,-0.6458
3,-0.2704,3.4459,-0.6286
3,-0.2704,3.3669,-0.6111
3,-0.2704,3.2879,-0.5933
3,-0.2704,3.2088,-0.5753
3,-0.2704,3.1298,-0.5570
3,-0.2704,3.0508,-0.5385
3,-0.2704,2.9717,-0.5199
3,-0.2704,2.8927,-0.5012
3,-0.2704,2.8137,-0.4822
3,-0.2704,2.7346,-0.4633
3,-0.2704,2.6556,-0.4442
3,-0.2704,2.5766,-0.4250
3,-0.2704,2.4975,-0.4059
3,-0.2704,2.4185,-0.3866
3,-0.2704,2.3395,-0.3674
3,-0.2704,2.2604,-0.3482
3,-0.2704,2.1814,-0.3289
3,-0.2704,2.1024,-0.3098
3,-0.2704,2.0233,-0.2907
3,-0.2704,1.9443,-0.2717
3,-0.2704,1.8653,-0.2528
3,-0.2704,1.7862,-0.2340
3,-0.2704,1.7072,-0.2154
3,-0.2704,1.6282,-0.1968
3,-0.2704,1.5491,-0.1784
3,-0.2704,1.4701,-0.1601
3,-0.2704,1.3911,-0.1419
3,-0.2704,1.3120,-0.1237
3,-0.2704,1.2330,-0.1053
3,-0.2704,1.1540,-0.0867
3,-0.2704,1.0749,-0.0672
3,-0.2704,0.9959,-0.0456
3,-0.2704,0.9169,-0.0126
4,-0.1924,0.2846,0.0093
4,-0.1924,0.3636,0.0214
4,-0.1924,0.4427,0.0334
4,-0.1924,0.5217,0.0459
4,-0.1924,0.6007,0.0590
4,-0.1924,0.6798,0.0728
4,-0.1924,0.7588,0.0872
4,-0.1924,0.8378,0.1021
4,-0.1924,0.9169,0.1175
4,-0.1924,0.9959,0.1334
4,-0.1924,1.0749,0.1497
4,-0.1924,1.1540,0.1664
4,-0.1924,1.2330,0.1835
4,-0.1924,1.3120,0.2009
4,-0.1924,1.3911,0.2187
4,-0.1924,1.4701,0.2368
4,-0.1924,1.5491,0.2551
4,-0.1924,1.6282,0.2738
4,-0.1924,1.7072,0.2926
4,-0.1924,1.7862,0.3117
4,-0.1924,1.8653,0.3309
4,-0.1924,1.9443,0.3504
4,-0.1924,2.0233,0.3700
4,-0.1924,2.1024,0.3896
4,-0.1924,2.1814,0.4094
4,-0.1924,2.2604,0.4293
4,-0.1924,2.3395,0.4493
4,-0.1924,2.4185,0.4692
4,-0.1924,2.4975,0.4892
4,-0.1924,2.5766,0.5092
4,-0.1924,2.6556,0.5292
4,-0.1924,2.7346,0.5491
4,-0.1924,2.8137,0.5689
4,-0.1924,2.8927,0.5886
4,-0.1924,2.9717,0.6082
4,-0.1924,3.0508,0.6276
4,-0.1924,3.1298,0.6469
4,-0.1924,3.2088,0.6659
4,-0.1924,3.2879,0.6847
4,-0.1924,3.3669,0.7033
4,-0.1924,3.4459,0.7216
4,-0.1924,3.5250,0.7396
4,-0.1924,3.6040,0.7572
4,-0.1924,3.6830,0.7745
4,-0.1924,3.7621,0.7914
4,-0.1924,3.8411,0.8078
4,-0.1924,3.9201,0.8238
4,-0.1924,3.9992,0.8393
4,-0.1924,4.0782,0.8542
4,-0.1924,4.1572,0.8686
4,-0.1924,4.2363,0.8824
4,-0.1924,4.3153,0.8956
4,-0.1924,4.3943,0.9081
4,-0.1924,4.4734,0.9198
4,-0.1924,4.5524,0.9309
4,-0.1924,4.6314,0.9411
4,-0.1924,4.7105,0.9505
4,-0.1924,4.7895,0.9547
4,-0.1924,4.8686,0.9537
4,-0.1924,4.9476,0.9518
4,-0.1924,5.0266,0.9492
4,-0.1924,5.1057,0.9457
4,-0.1924,5.1847,0.9415
4,-0.1924,5.2637,0.9366
4,-0.1924,5.3428,0.9310
4,-0.1924,5.4218,0.9246
4,-0.1924,5.5008,0.9176
4,-0.1924,5.5799,0.9098
4,-0.1924,5.6589,0.9015
4,-0.1924,5.7379,0.8924
4,-0.1924,5.8170,0.8828
4,-0.1924,5.8960,0.8725
4,-0.1924,5.9750,0.8617
4,-0.1924,6.0541,0.8503
4,-0.1924,6.1331,0.8383
4,-0.1924,6.2121,0.8258
4,-0.1924,6.2912,0.8128
4,-0.1924,6.3702,0.7994
4,-0.1924,6.4492,0.7854
4,-0.1924,6.5283,0.7710
4,-0.1924,6.6073,0.7561
4,-0.1924,6.6863,0.7409
4,-0.1924,6.7654,0.7252
4,-0.1924,6.8444,0.7092
4,-0.1924,6.9234,0.6929
4,-0.1924,7.0025,0.6762
4,-0.1924,7.0815,0.6593
4,-0.1924,7.1605,0.6421
4,-0.1924,7.2396,0.6247
4,-0.1924,7.3186,0.6070
4,-0.1924,7.3976,0.5892
4,-0.1924,7.4767,0.5712
4,-0.1924,7.5557,0.5532
4,-0.1924,7.6347,0.5350
4,-0.1924,7.7138,0.5168
4,-0.1924,7.7928,0.4986
4,-0.1924,7.8718,0.4804
4,-0.1924,7.9509,0.4623
4,-0.1924,8.0299,0.4443
4,-0.1924,8.1089,0.4264
4,-0.1924,8.1880,0.4088
4,-0.1924,8.2670,0.3914
4,-0.1924,8.3460,0.3743
4,-0.1924,8.4251,0.3576
4,-0.1924,8.5041,0.3414
4,-0.1924,8.5831,0.3256
4,-0.1924,8.6622,0.3103
4,-0.1924,8.7412,0.2958
4,-0.1924,8.8202,0.2819
4,-0.1924,8.8993,0.2689
4,-0.1924,8.9783,0.2568
4,-0.1924,9.0573,0.2458
4,-0.1924,9.1364,0.2359
4,-0.1924,9.2154,0.2273
4,-0.1924,9.2944,0.2201
4,-0.1924,9.3735,0.2146
4,-0.1924,9.4525,0.2108
4,-0.1924,9.4525,-0.2108
4,-0.1924,9.3735,-0.2146
4,-0.1924,9.2944,-0.2201
4,-0.1924,9.2154,-0.2273
4,-0.1924,9.1364,-0.2359
4,-0.1924,9.0573,-0.2458
4,-0.1924,8.9783,-0.2568
4,-0.1924,8.8993,-0.2689
4,-0.1924,8.8202,-0.2819
4,-0.1924,8.7412,-0.2958
4,-0.1924,8.6622,-0.3103
4,-0.1924,8.5831,-0.3256
4,-0.1924,8.5041,-0.3414
4,-0.1924,8.4251,-0.3576
4,-0.1924,8.3460,-0.3743
4,-0.1924,8.2670,-0.3914
4,-0.1924,8.1880,-0.4088
4,-0.1924,8.1089,-0.4264
4,-0.1924,8.0299,-0.4443
4,-0.1924,7.9509,-0.4623
4,-0.1924,7.8718,-0.4804
4,-0.1924,7.7928,-0.4986
4,-0.1924,7.7138,-0.5168
4,-0.1924,7.6347,-0.5350
4,-0.1924,7.5557,-0.5532
4,-0.1924,7.4767,-0.5712
4,-0.1924,7.3976,-0.5892
4,-0.1924,7.3186,-0.6070
4,-0.1924,7.2396,-0.6247
4,-0.1924,7.1605,-0.6421
4,-0.1924,7.0815,-0.6593
4,-0.1924,7.0025,-0.6762
4,-0.1924,6.9234,-0.6929
4,-0.1924,6.8444,-0.7092
4,-0.1924,6.7654,-0.7252
4,-0.1924,6.6863,-0.7409
4,-0.1924,6.6073,-0.7561
4,-0.1924,6.5283,-0.7710
4,-0.1924,6.4492,-0.7854
4,-0.1924,6.3702,-0.7994
4,-0.1924,6.2912,-0.8128
4,-0.1924,6.2121,-0.8258
4,-0.1924,6.1331,-0.8383
4,-0.1924,6.0541,-0.8503
4,-0.1924,5.9750,-0.8617
4,-0.1924,5.8960,-0.8725
4,-0.1924,5.8170,-0.8828
4,-0.1924,5.7379,-0.8924
4,-0.1924,5.6589,-0.9015
4,-0.1924,5.5799,-0.9098
4,-0.1924,5.5008,-0.9176
4,-0.1924,5.4218,-0.9246
4,-0.1924,5.3428,-0.9310
4,-0.1924,5.2637,-0.9366
4,-0.1924,5.1847,-0.9415
4,-0.1924,5.1057,-0.9457
4,-0.1924,5.0266,-0.9492
4,-0.1924,4.9476,-0.9518
4,-0.1924,4.8686,-0.9537
4,-0.1924,4.7895,-0.9547
4,-0.1924,4.7105,-0.9505
4,-0.1924,4.6314,-0.9411
4,-0.1924,4.5524,-0.9309
4,-0.1924,4.4734,-0.9198
4,-0.1924,4.3943,-0.9081
4,-0.1924,4.3153,-0.8956
4,-0.1924,4.2363,-0.8824
4,-0.1924,4.1572,-0.8686
4,-0.1924,4.0782,-0.8542
4,-0.1924,3.9992,-0.8393
4,-0.1924,3.9201,-0.8238
4,-0.1924,3.8411,-0.8078
4,-0.1924,3.7621,-0.7914
4,-0.1924,3.6830,-0.7745
4,-0.1924,3.6040,-0.7572
4,-0.1924,3.5250,-0.7396
4,-0.1924,3.4459,-0.7216
4,-0.1924,3.3669,-0.7033
4,-0.1924,3.2879,-0.6847
4,-0.1924,3.2088,-0.6659
4,-0.1924,3.1298,-0.6469
4,-0.1924,3.0508,-0.6276
4,-0.1924,2.9717,-0.6082
4,-0.1924,2.8927,-0.5886
4,-0.1924,2.8137,-0.5689
4,-0.1924,2.7346,-0.5491
4,-0.1924,2.6556,-0.5292
4,-0.1924,2.5766,-0.5092
4,-0.1924,2.4975,-0.4892
4,-0.1924,2.4185,-0.4692
4,-0.1924,2.3395,-0.4493
4,-0.1924,2.2604,-0.4293
4,-0.1924,2.1814,-0.4094
4,-0.1924,2.1024,-0.3896
4,-0.1924,2.0233,-0.3700
4,-0.1924,1.9443,-0.3504
4,-0.1924,1.8653,-0.3309
4,-0.1924,1.7862,-0.3117
4,-0.1924,1.7072,-0.2926
4,-0.1924,1.6282,-0.2738
4,-0.1924,1.5491,-0.2551
4,-0.1924,1.4701,-0.2368
4,-0.1924,1.3911,-0.2187
4,-0.1924,1.3120,-0.2009
4,-0.1924,1.2330,-0.1835
4,-0.1924,1.1540,-0.1664
4,-0.1924,1.0749,-0.1497
4,-0.1924,0.9959,-0.1334
4,-0.1924,0.9169,-0.1175
4,-0.1924,0.8378,-0.1021
4,-0.1924,0.7588,-0.0872
4,-0.1924,0.6798,-0.0728
4,-0.1924,0.6007,-0.0590
4,-0.1924,0.5217,-0.0459
4,-0.1924,0.4427,-0.0334
4,-0.1924,0.3636,-0.0214
4,-0.1924,0.2846,-0.0093
5,-0.1144,0.0475,0.0048
5,-0.1144,0.1265,0.0141
5,-0.1144,0.2056,0.0245
5,-0.1144,0.2846,0.0358
5,-0.1144,0.3636,0.0480
5,-0.1144,0.4427,0.0609
5,-0.1144,0.5217,0.0746
5,-0.1144,0.6007,0.0888
5,-0.1144,0.6798,0.1036
5,-0.1144,0.7588,0.1189
5,-0.1144,0.8378,0.1347
5,-0.1144,0.9169,0.1510
5,-0.1144,0.9959,0.1677
5,-0.1144,1.0749,0.1849
5,-0.1144,1.1540,0.2024
5,-0.1144,1.2330,0.2203
5,-0.1144,1.3120,0.2385
5,-0.1144,1.3911,0.2571
5,-0.1144,1.4701,0.2759
5,-0.1144,1.5491,0.2950
5,-0.1144,1.6282,0.3144
5,-0.1144,1.7072,0.3340
5,-0.1144,1.7862,0.3537
5,-0.1144,1.8653,0.3737
5,-0.1144,1.9443,0.3939
5,-0.1144,2.0233,0.4142
5,-0.1144,2.1024,0.4346
5,-0.1144,2.1814,0.4550
5,-0.1144,2.2604,0.4756
5,-0.1144,2.3395,0.4962
5,-0.1144,2.4185,0.5169
5,-0.1144,2.4975,0.5376
5,-0.1144,2.5766,0.5582
5,-0.1144,2.6556,0.5788
5,-0.1144,2.7346,0.5994
5,-0.1144,2.8137,0.6198
5,-0.1144,2.8927,0.6401
5,-0.1144,2.9717,0.6604
5,-0.1144,3.0508,0.6804
5,-0.1144,3.1298,0.7003
5,-0.1144,3.2088,0.7199
5,-0.1144,3.2879,0.7393
5,-0.1144,3.3669,0.7585
5,-0.1144,3.4459,0.7774
5,-0.1144,3.5250,0.7959
5,-0.1144,3.6040,0.8141
5,-0.1144,3.6830,0.8318
5,-0.1144,3.7621,0.8492
5,-0.1144,3.8411,0.8661
5,-0.1144,3.9201,0.8825
5,-0.1144,3.9992,0.8985
5,-0.1144,4.0782,0.9138
5,-0.1144,4.1572,0.9286
5,-0.1144,4.2363,0.9428
5,-0.1144,4.3153,0.9563
5,-0.1144,4.3943,0.9691
5,-0.1144,4.4734,0.9811
5,-0.1144,4.5524,0.9924
5,-0.1144,4.6314,1.0029
5,-0.1144,4.7105,1.0124
5,-0.1144,4.7895,1.0164
5,-0.1144,4.8686,1.0149
5,-0.1144,4.9476,1.0125
5,-0.1144,5.0266,1.0094
5,-0.1144,5.1057,1.0055
5,-0.1144,5.1847,1.0007
5,-0.1144,5.2637,0.9953
5,-0.1144,5.3428,0.9890
5,-0.1144,5.4218,0.9820
5,-0.1144,5.5008,0.9743
5,-0.1144,5.5799,0.9659
5,-0.1144,5.6589,0.9568
5,-0.1144,5.7379,0.9471
5,-0.1144,5.8170,0.9367
5,-0.1144,5.8960,0.9257
5,-0.1144,5.9750,0.9141
5,-0.1144,6.0541,0.9019
5,-0.1144,6.1331,0.8891
5,-0.1144,6.2121,0.8758
5,-0.1144,6.2912,0.8620
5,-0.1144,6.3702,0.8476
5,-0.1144,6.4492,0.8328
5,-0.1144,6.5283,0.8175
5,-0.1144,6.6073,0.8017
5,-0.1144,6.6863,0.7855
5,-0.1144,6.7654,0.7689
5,-0.1144,6.8444,0.7520
5,-0.1144,6.9234,0.7347
5,-0.1144,7.0025,0.7171
5,-0.1144,7.0815,0.6991
5,-0.1144,7.1605,0.6809
5,-0.1144,7.2396,0.6625
5,-0.1144,7.3186,0.6438
5,-0.1144,7.3976,0.6250
5,-0.1144,7.4767,0.6060
5,-0.1144,7.5557,0.5869
5,-0.1144,7.6347,0.5677
5,-0.1144,7.7138,0.5484
5,-0.1144,7.7928,0.5292
5,-0.1144,7.8718,0.5099
5,-0.1144,7.9509,0.4908
5,-0.1144,8.0299,0.4717
5,-0.1144,8.1089,0.4529
5,-0.1144,8.1880,0.4342
5,-0.1144,8.2670,0.4158
5,-0.1144,8.3460,0.3977
5,-0.1144,8.4251,0.3801
5,-0.1144,8.5041,0.3629
5,-0.1144,8.5831,0.3461
5,-0.1144,8.6622,0.3300
5,-0.1144,8.7412,0.3146
5,-0.1144,8.8202,0.3000
5,-0.1144,8.8993,0.2862
5,-0.1144,8.9783,0.2734
5,-0.1144,9.0573,0.2617
5,-0.1144,9.1364,0.2512
5,-0.1144,9.2154,0.2421
5,-0.1144,9.2944,0.2346
5,-0.1144,9.3735,0.2288
5,-0.1144,9.4525,0.2248
5,-0.1144,9.4525,-0.2248
5,-0.1144,9.3735,-0.2288
5,-0.1144,9.2944,-0.2346
5,-0.1144,9.2154,-0.2421
5,-0.1144,9.1364,-0.2512
5,-0.1144,9.0573,-0.2617
5,-0.1144,8.9783,-0.2734
5,-0.1144,8.8993,-0.2862
5,-0.1144,8.8202,-0.3000
5,-0.1144,8.7412,-0.3146
5,-0.1144,8.6622,-0.3300
5,-0.1144,8.5831,-0.3461
5,-0.1144,8.5041,-0.3629
5,-0.1144,8.4251,-0.3801
5,-0.1144,8.3460,-0.3977
5,-0.1144,8.2670,-0.4158
5,-0.1144,8.1880,-0.4342
5,-0.1144,8.1089,-0.4529
5,-0.1144,8.0299,-0.4717
5,-0.1144,7.9509,-0.4908
5,-0.1144,7.8718,-0.5099
5,-0.1144,7.7928,-0.5292
5,-0.1144,7.7138,-0.5484
5,-0.1144,7.6347,-0.5677
5,-0.1144,7.5557,-0.5869
5,-0.1144,7.4767,-0.6060
5,-0.1144,7.3976,-0.6250
5,-0.1144,7.3186,-0.6438
5,-0.1144,7.2396,-0.6625
5,-0.1144,7.1605,-0.6809
5,-0.1144,7.0815,-0.6991
5,-0.1144,7.0025,-0.7171
5,-0.1144,6.9234,-0.7347
5,-0.1144,6.8444,-0.7520
5,-0.1144,6.7654,-0.7689
5,-0.1144,6.6863,-0.7855
5,-0.1144,6.6073,-0.8017
5,-0.1144,6.5283,-0.8175
5,-0.1144,6.4492,-0.8328
5,-0.1144,6.3702,-0.8476
5,-0.1144,6.2912,-0.8620
5,-0.1144,6.2121,-0.8758
5,-0.1144,6.1331,-0.8891
5,-0.1144,6.0541,-0.9019
5,-0.1144,5.9750,-0.9141
5,-0.1144,5.8960,-0.9257
5,-0.1144,5.8170,-0.9367
5,-0.1144,5.7379,-0.9471
5,-0.1144,5.6589,-0.9568
5,-0.1144,5.5799,-0.9659
5,-0.1144,5.5008,-0.9743
5,-0.1144,5.4218,-0.9820
5,-0.1144,5.3428,-0.9890
5,-0.1144,5.2637,-0.9953
5,-0.1144,5.1847,-1.0007
5,-0.1144,5.1057,-1.0055
5,-0.1144,5.0266,-1.0094
5,-0.1144,4.9476,-1.0125
5,-0.1144,4.8686,-1.0149
5,-0.1144,4.7895,-1.0164
5,-0.1144,4.7105,-1.0124
5,-0.1144,4.6314,-1.0029
5,-0.1144,4.5524,-0.9924
5,-0.1144,4.4734,-0.9811
5,-0.1144,4.3943,-0.9691
5,-0.1144,4.3153,-0.9563
5,-0.1144,4.2363,-0.9428
5,-0.1144,4.1572,-0.9286
5,-0.1144,4.0782,-0.9138
5,-0.1144,3.9992,-0.8985
5,-0.1144,3.9201,-0.8825
5,-0.1144,3.8411,-0.8661
5,-0.1144,3.7621,-0.8492
5,-0.1144,3.6830,-0.8318
5,-0.1144,3.6040,-0.8141
5,-0.1144,3.5250,-0.7959
5,-0.1144,3.4459,-0.7774
5,-0.1144,3.3669,-0.7585
5,-0.1144,3.2879,-0.7393
5,-0.1144,3.2088,-0.7199
5,-0.1144,3.1298,-0.7003
5,-0.1144,3.0508,-0.6804
5,-0.1144,2.9717,-0.6604
5,-0.1144,2.8927,-0.6401
5,-0.1144,2.8137,-0.6198
5,-0.1144,2.7346,-0.5994
5,-0.1144,2.6556,-0.5788
5,-0.1144,2.5766,-0.5582
5,-0.1144,2.4975,-0.5376
5,-0.1144,2.4185,-0.5169
5,-0.1144,2.3395,-0.4962
5,-0.1144,2.2604,-0.4756
5,-0.1144,2.1814,-0.4550
5,-0.1144,2.1024,-0.4346
5,-0.1144,2.0233,-0.4142
5,-0.1144,1.9443,-0.3939
5,-0.1144,1.8653,-0.3737
5,-0.1144,1.7862,-0.3537
5,-0.1144,1.7072,-0.3340
5,-0.1144,1.6282,-0.3144
5,-0.1144,1.5491,-0.2950
5,-0.1144,1.4701,-0.2759
5,-0.1144,1.3911,-0.2571
5,-0.1144,1.3120,-0.2385
5,-0.1144,1.2330,-0.2203
5,-0.1144,1.1540,-0.2024
5,-0.1144,1.0749,-0.1849
5,-0.1144,0.9959,-0.1677
5,-0.1144,0.9169,-0.1510
5,-0.1144,0.8378,-0.1347
5,-0.1144,0.7588,-0.1189
5,-0.1144,0.6798,-0.1036
5,-0.1144,0.6007,-0.0888
5,-0.1144,0.5217,-0.0746
5,-0.1144,0.4427,-0.0609
5,-0.1144,0.3636,-0.0480
5,-0.1144,0.2846,-0.0358
5,-0.1144,0.2056,-0.0245
5,-0.1144,0.1265,-0.0141
5,-0.1144,0.0475,-0.0048
6,-0.0364,0.0475,0.0066
6,-0.0364,0.1265,0.0182
6,-0.0364,0.2056,0.0304
6,-0.0364,0.2846,0.0433
6,-0.0364,0.3636,0.0567
6,-0.0364,0.4427,0.0706
6,-0.0364,0.5217,0.0852
6,-0.0364,0.6007,0.1002
6,-0.0364,0.6798,0.1157
6,-0.0364,0.7588,0.1317
6,-0.0364,0.8378,0.1482
6,-0.0364,0.9169,0.1650
6,-0.0364,0.9959,0.1823
6,-0.0364,1.0749,0.1999
6,-0.0364,1.1540,0.2180
6,-0.0364,1.2330,0.2363
6,-0.0364,1.3120,0.2550
6,-0.0364,1.3911,0.2740
6,-0.0364,1.4701,0.2933
6,-0.0364,1.5491,0.3128
6,-0.0364,1.6282,0.3326
6,-0.0364,1.7072,0.3526
6,-0.0364,1.7862,0.3728
6,-0.0364,1.8653,0.3931
6,-0.0364,1.9443,0.4137
6,-0.0364,2.0233,0.4343
6,-0.0364,2.1024,0.4551
6,-0.0364,2.1814,0.4759
6,-0.0364,2.2604,0.4969
6,-0.0364,2.3395,0.5179
6,-0.0364,2.4185,0.5389
6,-0.0364,2.4975,0.5599
6,-0.0364,2.5766,0.5809
6,-0.0364,2.6556,0.6018
6,-0.0364,2.7346,0.6227
6,-0.0364,2.8137,0.6435
6,-0.0364,2.8927,0.6642
6,-0.0364,2.9717,0.6847
6,-0.0364,3.0508,0.7051
6,-0.0364,3.1298,0.7253
6,-0.0364,3.2088,0.7452
6,-0.0364,3.2879,0.7650
6,-0.0364,3.3669,0.7844
6,-0.0364,3.4459,0.8035
6,-0.0364,3.5250,0.8223
6,-0.0364,3.6040,0.8408
6,-0.0364,3.6830,0.8589
6,-0.0364,3.7621,0.8765
6,-0.0364,3.8411,0.8937
6,-0.0364,3.9201,0.9103
6,-0.0364,3.9992,0.9265
6,-0.0364,4.0782,0.9421
6,-0.0364,4.1572,0.9571
6,-0.0364,4.2363,0.9715
6,-0.0364,4.3153,0.9852
6,-0.0364,4.3943,0.9981
6,-0.0364,4.4734,1.0103
6,-0.0364,4.5524,1.0217
6,-0.0364,4.6314,1.0323
6,-0.0364,4.7105,1.0420
6,-0.0364,4.7895,1.0459
6,-0.0364,4.8686,1.0442
6,-0.0364,4.9476,1.0416
6,-0.0364,5.0266,1.0382
6,-0.0364,5.1057,1.0340
6,-0.0364,5.1847,1.0290
6,-0.0364,5.2637,1.0233
6,-0.0364,5.3428,1.0167
6,-0.0364,5.4218,1.0094
6,-0.0364,5.5008,1.0014
6,-0.0364,5.5799,0.9927
6,-0.0364,5.6589,0.9833
6,-0.0364,5.7379,0.9732
6,-0.0364,5.8170,0.9625
6,-0.0364,5.8960,0.9512
6,-0.0364,5.9750,0.9392
6,-0.0364,6.0541,0.9266
6,-0.0364,6.1331,0.9135
6,-0.0364,6.2121,0.8997
6,-0.0364,6.2912,0.8855
6,-0.0364,6.3702,0.8707
6,-0.0364,6.4492,0.8555
6,-0.0364,6.5283,0.8397
6,-0.0364,6.6073,0.8235
6,-0.0364,6.6863,0.8069
6,-0.0364,6.7654,0.7899
6,-0.0364,6.8444,0.7725
6,-0.0364,6.9234,0.7547
6,-0.0364,7.0025,0.7366
6,-0.0364,7.0815,0.7183
6,-0.0364,7.1605,0.6996
6,-0.0364,7.2396,0.6807
6,-0.0364,7.3186,0.6615
6,-0.0364,7.3976,0.6422
6,-0.0364,7.4767,0.6227
6,-0.0364,7.5557,0.6031
6,-0.0364,7.6347,0.5834
6,-0.0364,7.7138,0.5636
6,-0.0364,7.7928,0.5439
6,-0.0364,7.8718,0.5242
6,-0.0364,7.9509,0.5045
6,-0.0364,8.0299,0.4850
6,-0.0364,8.1089,0.4656
6,-0.0364,8.1880,0.4465
6,-0.0364,8.2670,0.4276
6,-0.0364,8.3460,0.4091
6,-0.0364,8.4251,0.3909
6,-0.0364,8.5041,0.3732
6,-0.0364,8.5831,0.3561
6,-0.0364,8.6622,0.3396
6,-0.0364,8.7412,0.3237
6,-0.0364,8.8202,0.3087
6,-0.0364,8.8993,0.2946
6,-0.0364,8.9783,0.2814
6,-0.0364,9.0573,0.2694
6,-0.0364,9.1364,0.2587
6,-0.0364,9.2154,0.2493
6,-0.0364,9.2944,0.2416
6,-0.0364,9.3735,0.2356
6,-0.0364,9.4525,0.2316
6,-0.0364,9.4525,-0.2316
6,-0.0364,9.3735,-0.2356
6,-0.0364,9.2944,-0.2416
6,-0.0364,9.2154,-0.2493
6,-0.0364,9.1364,-0.2587
6,-0.0364,9.0573,-0.2694
6,-0.0364,8.9783,-0.2814
6,-0.0364,8.8993,-0.2946
6,-0.0364,8.8202,-0.3087
6,-0.0364,8.7412,-0.3237
6,-0.0364,8.6622,-0.3396
6,-0.0364,8.5831,-0.3561
6,-0.0364,8.5041,-0.3732
6,-0.0364,8.4251,-0.3909
6,-0.0364,8.3460,-0.4091
6,-0.0364,8.2670,-0.4276
6,-0.0364,8.1880,-0.4465
6,-0.0364,8.1089,-0.4656
6,-0.0364,8.0299,-0.4850
6,-0.0364,7.9509,-0.5045
6,-0.0364,7.8718,-0.5242
6,-0.0364,7.7928,-0.5439
6,-0.0364,7.7138,-0.5636
6,-0.0364,7.6347,-0.5834
6,-0.0364,7.5557,-0.6031
6,-0.0364,7.4767,-0.6227
6,-0.0364,7.3976,-0.6422
6,-0.0364,7.3186,-0.6615
6,-0.0364,7.2396,-0.6807
6,-0.0364,7.1605,-0.6996
6,-0.0364,7.0815,-0.7183
6,-0.0364,7.0025,-0.7366
6,-0.0364,6.9234,-0.7547
6,-0.0364,6.8444,-0.7725
6,-0.0364,6.7654,-0.7899
6,-0.0364,6.6863,-0.8069
6,-0.0364,6.6073,-0.8235
6,-0.0364,6.5283,-0.8397
6,-0.0364,6.4492,-0.8555
6,-0.0364,6.3702,-0.8707
6,-0.0364,6.2912,-0.8855
6,-0.0364,6.2121,-0.8997
6,-0.0364,6.1331,-0.9135
6,-0.0364,6.0541,-0.9266
6,-0.0364,5.9750,-0.9392
6,-0.0364,5.8960,-0.9512
6,-0.0364,5.8170,-0.9625
6,-0.0364,5.7379,-0.9732
6,-0.0364,5.6589,-0.9833
6,-0.0364,5.5799,-0.9927
6,-0.0364,5.5008,-1.0014
6,-0.0364,5.4218,-1.0094
6,-0.0364,5.3428,-1.0167
6,-0.0364,5.2637,-1.0233
6,-0.0364,5.1847,-1.0290
6,-0.0364,5.1057,-1.0340
6,-0.0364,5.0266,-1.0382
6,-0.0364,4.9476,-1.0416
6,-0.0364,4.8686,-1.0442
6,-0.0364,4.7895,-1.0459
6,-0.0364,4.7105,-1.0420
6,-0.0364,4.6314,-1.0323
6,-0.0364,4.5524,-1.0217
6,-0.0364,4.4734,-1.0103
6,-0.0364,4.3943,-0.9981
6,-0.0364,4.3153,-0.9852
6,-0.0364,4.2363,-0.9715
6,-0.0364,4.1572,-0.9571
6,-0.0364,4.0782,-0.9421
6,-0.0364,3.9992,-0.9265
6,-0.0364,3.9201,-0.9103
6,-0.0364,3.8411,-0.8937
6,-0.0364,3.7621,-0.8765
6,-0.0364,3.6830,-0.8589
6,-0.0364,3.6040,-0.8408
6,-0.0364,3.5250,-0.8223
6,-0.0364,3.4459,-0.8035
6,-0.0364,3.3669,-0.7844
6,-0.0364,3.2879,-0.7650
6,-0.0364,3.2088,-0.7452
6,-0.0364,3.1298,-0.7253
6,-0.0364,3.0508,-0.7051
6,-0.0364,2.9717,-0.6847
6,-0.0364,2.8927,-0.6642
6,-0.0364,2.8137,-0.6435
6,-0.0364,2.7346,-0.6227
6,-0.0364,2.6556,-0.6018
6,-0.0364,2.5766,-0.5809
6,-0.0364,2.4975,-0.5599
6,-0.0364,2.4185,-0.5389
6,-0.0364,2.3395,-0.5179
6,-0.0364,2.2604,-0.4969
6,-0.0364,2.1814,-0.4759
6,-0.0364,2.1024,-0.4551
6,-0.0364,2.0233,-0.4343
6,-0.0364,1.9443,-0.4137
6,-0.0364,1.8653,-0.3931
6,-0.0364,1.7862,-0.3728
6,-0.0364,1.7072,-0.3526
6,-0.0364,1.6282,-0.3326
6,-0.0364,1.5491,-0.3128
6,-0.0364,1.4701,-0.2933
6,-0.0364,1.3911,-0.2740
6,-0.0364,1.3120,-0.2550
6,-0.0364,1.2330,-0.2363
6,-0.0364,1.1540,-0.2180
6,-0.0364,1.0749,-0.1999
6,-0.0364,0.9959,-0.1823
6,-0.0364,0.9169,-0.1650
6,-0.0364,0.8378,-0.1482
6,-0.0364,0.7588,-0.1317
6,-0.0364,0.6798,-0.1157
6,-0.0364,0.6007,-0.1002
6,-0.0364,0.5217,-0.0852
6,-0.0364,0.4427,-0.0706
6,-0.0364,0.3636,-0.0567
6,-0.0364,0.2846,-0.0433
6,-0.0364,0.2056,-0.0304
6,-0.0364,0.1265,-0.0182
6,-0.0364,0.0475,-0.0066
7,0.0416,0.0475,0.0118
7,0.0416,0.1265,0.0236
7,0.0416,0.2056,0.0360
7,0.0416,0.2846,0.0490
7,0.0416,0.3636,0.0626
7,0.0416,0.4427,0.0767
7,0.0416,0.5217,0.0913
7,0.0416,0.6007,0.1065
7,0.0416,0.6798,0.1221
7,0.0416,0.7588,0.1381
7,0.0416,0.8378,0.1547
7,0.0416,0.9169,0.1716
7,0.0416,0.9959,0.1889
7,0.0416,1.0749,0.2066
7,0.0416,1.1540,0.2247
7,0.0416,1.2330,0.2431
7,0.0416,1.3120,0.2619
7,0.0416,1.3911,0.2809
7,0.0416,1.4701,0.3002
7,0.0416,1.5491,0.3198
7,0.0416,1.6282,0.3396
7,0.0416,1.7072,0.3596
7,0.0416,1.7862,0.3799
7,0.0416,1.8653,0.4003
7,0.0416,1.9443,0.4208
7,0.0416,2.0233,0.4415
7,0.0416,2.1024,0.4623
7,0.0416,2.1814,0.4832
7,0.0416,2.2604,0.5042
7,0.0416,2.3395,0.5252
7,0.0416,2.4185,0.5462
7,0.0416,2.4975,0.5673
7,0.0416,2.5766,0.5883
7,0.0416,2.6556,0.6093
7,0.0416,2.7346,0.6302
7,0.0416,2.8137,0.6510
7,0.0416,2.8927,0.6717
7,0.0416,2.9717,0.6923
7,0.0416,3.0508,0.7126
7,0.0416,3.1298,0.7328
7,0.0416,3.2088,0.7528
7,0.0416,3.2879,0.7725
7,0.0416,3.3669,0.7920
7,0.0416,3.4459,0.8112
7,0.0416,3.5250,0.8300
7,0.0416,3.6040,0.8484
7,0.0416,3.6830,0.8665
7,0.0416,3.7621,0.8841
7,0.0416,3.8411,0.9013
7,0.0416,3.9201,0.9180
7,0.0416,3.9992,0.9341
7,0.0416,4.0782,0.9497
7,0.0416,4.1572,0.9647
7,0.0416,4.2363,0.9791
7,0.0416,4.3153,0.9928
7,0.0416,4.3943,1.0057
7,0.0416,4.4734,1.0179
7,0.0416,4.5524,1.0293
7,0.0416,4.6314,1.0399
7,0.0416,4.7105,1.0495
7,0.0416,4.7895,1.0534
7,0.0416,4.8686,1.0517
7,0.0416,4.9476,1.0490
7,0.0416,5.0266,1.0456
7,0.0416,5.1057,1.0413
7,0.0416,5.1847,1.0363
7,0.0416,5.2637,1.0305
7,0.0416,5.3428,1.0238
7,0.0416,5.4218,1.0165
7,0.0416,5.5008,1.0084
7,0.0416,5.5799,0.9996
7,0.0416,5.6589,0.9902
7,0.0416,5.7379,0.9800
7,0.0416,5.8170,0.9692
7,0.0416,5.8960,0.9578
7,0.0416,5.9750,0.9457
7,0.0416,6.0541,0.9331
7,0.0416,6.1331,0.9198
7,0.0416,6.2121,0.9060
7,0.0416,6.2912,0.8917
7,0.0416,6.3702,0.8768
7,0.0416,6.4492,0.8615
7,0.0416,6.5283,0.8457
7,0.0416,6.6073,0.8294
7,0.0416,6.6863,0.8127
7,0.0416,6.7654,0.7955
7,0.0416,6.8444,0.7780
7,0.0416,6.9234,0.7602
7,0.0416,7.0025,0.7420
7,0.0416,7.0815,0.7235
7,0.0416,7.1605,0.7047
7,0.0416,7.2396,0.6857
7,0.0416,7.3186,0.6664
7,0.0416,7.3976,0.6470
7,0.0416,7.4767,0.6274
7,0.0416,7.5557,0.6077
7,0.0416,7.6347,0.5879
7,0.0416,7.7138,0.5680
7,0.0416,7.7928,0.5482
7,0.0416,7.8718,0.5283
7,0.0416,7.9509,0.5086
7,0.0416,8.0299,0.4889
7,0.0416,8.1089,0.4694
7,0.0416,8.1880,0.4502
7,0.0416,8.2670,0.4312
7,0.0416,8.3460,0.4126
7,0.0416,8.4251,0.3943
7,0.0416,8.5041,0.3766
7,0.0416,8.5831,0.3593
7,0.0416,8.6622,0.3427
7,0.0416,8.7412,0.3267
7,0.0416,8.8202,0.3116
7,0.0416,8.8993,0.2974
7,0.0416,8.9783,0.2842
7,0.0416,9.0573,0.2721
7,0.0416,9.1364,0.2612
7,0.0416,9.2154,0.2518
7,0.0416,9.2944,0.2440
7,0.0416,9.3735,0.2380
7,0.0416,9.4525,0.2339
7,0.0416,9.4525,-0.2339
7,0.0416,9.3735,-0.2380
7,0.0416,9.2944,-0.2440
7,0.0416,9.2154,-0.2518
7,0.0416,9.1364,-0.2612
7,0.0416,9.0573,-0.2721
7,0.0416,8.9783,-0.2842
7,0.0416,8.8993,-0.2974
7,0.0416,8.8202,-0.3116
7,0.0416,8.7412,-0.3267
7,0.0416,8.6622,-0.3427
7,0.0416,8.5831,-0.3593
7,0.0416,8.5041,-0.3766
7,0.0416,8.4251,-0.3943
7,0.0416,8.3460,-0.4126
7,0.0416,8.2670,-0.4312
7,0.0416,8.1880,-0.4502
7,0.0416,8.1089,-0.4694
7,0.0416,8.0299,-0.4889
7,0.0416,7.9509,-0.5086
7,0.0416,7.8718,-0.5283
7,0.0416,7.7928,-0.5482
7,0.0416,7.7138,-0.5680
7,0.0416,7.6347,-0.5879
7,0.0416,7.5557,-0.6077
7,0.0416,7.4767,-0.6274
7,0.0416,7.3976,-0.6470
7,0.0416,7.3186,-0.6664
7,0.0416,7.2396,-0.6857
7,0.0416,7.1605,-0.7047
7,0.0416,7.0815,-0.7235
7,0.0416,7.0025,-0.7420
7,0.0416,6.9234,-0.7602
7,0.0416,6.8444,-0.7780
7,0.0416,6.7654,-0.7955
7,0.0416,6.6863,-0.8127
7,0.0416,6.6073,-0.8294
7,0.0416,6.5283,-0.8457
7,0.0416,6.4492,-0.8615
7,0.0416,6.3702,-0.8768
7,0.0416,6.2912,-0.8917
7,0.0416,6.2121,-0.9060
7,0.0416,6.1331,-0.9198
7,0.0416,6.0541,-0.9331
7,0.0416,5.9750,-0.9457
7,0.0416,5.8960,-0.9578
7,0.0416,5.8170,-0.9692
7,0.0416,5.7379,-0.9800
7,0.0416,5.6589,-0.9902
7,0.0416,5.5799,-0.9996
7,0.0416,5.5008,-1.0084
7,0.0416,5.4218,-1.0165
7,0.0416,5.3428,-1.0238
7,0.0416,5.2637,-1.0305
7,0.0416,5.1847,-1.0363
7,0.0416,5.1057,-1.0413
7,0.0416,5.0266,-1.0456
7,0.0416,4.9476,-1.0490
7,0.0416,4.8686,-1.0517
7,0.0416,4.7895,-1.0534
7,0.0416,4.7105,-1.0495
7,0.0416,4.6314,-1.0399
7,0.0416,4.5524,-1.0293
7,0.0416,4.4734,-1.0179
7,0.0416,4.3943,-1.0057
7,0.0416,4.3153,-0.9928
7,0.0416,4.2363,-0.9791
7,0.0416,4.1572,-0.9647
7,0.0416,4.0782,-0.9497
7,0.0416,3.9992,-0.9341
7,0.0416,3.9201,-0.9180
7,0.0416,3.8411,-0.9013
7,0.0416,3.7621,-0.8841
7,0.0416,3.6830,-0.8665
7,0.0416,3.6040,-0.8484
7,0.0416,3.5250,-0.8300
7,0.0416,3.4459,-0.8112
7,0.0416,3.3669,-0.7920
7,0.0416,3.2879,-0.7725
7,0.0416,3.2088,-0.7528
7,0.0416,3.1298,-0.7328
7,0.0416,3.0508,-0.7126
7,0.0416,2.9717,-0.6923
7,0.0416,2.8927,-0.6717
7,0.0416,2.8137,-0.6510
7,0.0416,2.7346,-0.6302
7,0.0416,2.6556,-0.6093
7,0.0416,2.5766,-0.5883
7,0.0416,2.4975,-0.5673
7,0.0416,2.4185,-0.5462
7,0.0416,2.3395,-0.5252
7,0.0416,2.2604,-0.5042
7,0.0416,2.1814,-0.4832
7,0.0416,2.1024,-0.4623
7,0.0416,2.0233,-0.4415
7,0.0416,1.9443,-0.4208
7,0.0416,1.8653,-0.4003
7,0.0416,1.7862,-0.3799
7,0.0416,1.7072,-0.3596
7,0.0416,1.6282,-0.3396
7,0.0416,1.5491,-0.3198
7,0.0416,1.4701,-0.3002
7,0.0416,1.3911,-0.2809
7,0.0416,1.3120,-0.2619
7,0.0416,1.2330,-0.2431
7,0.0416,1.1540,-0.2247
7,0.0416,1.0749,-0.2066
7,0.0416,0.9959,-0.1889
7,0.0416,0.9169,-0.1716
7,0.0416,0.8378,-0.1547
7,0.0416,0.7588,-0.1381
7,0.0416,0.6798,-0.1221
7,0.0416,0.6007,-0.1065
7,0.0416,0.5217,-0.0913
7,0.0416,0.4427,-0.0767
7,0.0416,0.3636,-0.0626
7,0.0416,0.2846,-0.0490
7,0.0416,0.2056,-0.0360
7,0.0416,0.1265,-0.0236
7,0.0416,0.0475,-0.0118
