station,x_m,y_m,z_m
0,0.0475,-0.0902,0.6957
0,0.0475,-0.0832,0.6378
0,0.0475,-0.0763,0.5798
0,0.0475,-0.0693,0.5218
0,0.0475,-0.0624,0.4638
0,0.0475,-0.0554,0.4059
0,0.0475,-0.0485,0.3479
0,0.0475,-0.0415,0.2899
0,0.0475,-0.0346,0.2319
0,0.0475,-0.0276,0.1739
0,0.0475,-0.0207,0.1160
0,0.0475,-0.0137,0.0580
0,0.0475,-0.0068,-0.0000
0,0.0475,-0.0068,-0.0066
0,0.0475,-0.0068,-0.0131
0,0.0475,-0.0067,-0.0197
0,0.0475,-0.0067,-0.0262
0,0.0475,-0.0067,-0.0326
0,0.0475,-0.0066,-0.0391
0,0.0475,-0.0065,-0.0454
0,0.0475,-0.0064,-0.0517
0,0.0475,-0.0064,-0.0579
0,0.0475,-0.0063,-0.0640
0,0.0475,-0.0061,-0.0700
0,0.0475,-0.0060,-0.0758
0,0.0475,-0.0059,-0.0816
0,0.0475,-0.0057,-0.0872
0,0.0475,-0.0056,-0.0927
0,0.0475,-0.0054,-0.0980
0,0.0475,-0.0053,-0.1032
0,0.0475,-0.0051,-0.1082
0,0.0475,-0.0049,-0.1131
0,0.0475,-0.0047,-0.1177
0,0.0475,-0.0045,-0.1222
0,0.0475,-0.0043,-0.1264
0,0.0475,-0.0041,-0.1305
0,0.0475,-0.0039,-0.1343
0,0.0475,-0.0036,-0.1379
0,0.0475,-0.0034,-0.1413
0,0.0475,-0.0032,-0.1445
0,0.0475,-0.0029,-0.1474
0,0.0475,-0.0027,-0.1501
0,0.0475,-0.0024,-0.1526
0,0.0475,-0.0022,-0.1548
0,0.0475,-0.0019,-0.1567
0,0.0475,-0.0016,-0.1584
0,0.0475,-0.0014,-0.1599
0,0.0475,-0.0011,-0.1611
0,0.0475,-0.0008,-0.1620
0,0.0475,-0.0005,-0.1627
0,0.0475,-0.0003,-0.1631
0,0.0475,-0.0000,-0.1632
0,0.0475,0.0003,-0.1631
0,0.0475,0.0005,-0.1627
0,0.0475,0.0008,-0.1620
0,0.0475,0.0011,-0.1611
0,0.0475,0.0014,-0.1599
0,0.0475,0.0016,-0.1584
0,0.0475,0.0019,-0.1567
0,0.0475,0.0022,-0.1548
0,0.0475,0.0024,-0.1526
0,0.0475,0.0027,-0.1501
0,0.0475,0.0029,-0.1474
0,0.0475,0.0032,-0.1445
0,0.0475,0.0034,-0.1413
0,0.0475,0.0036,-0.1379
0,0.0475,0.0039,-0.1343
0,0.0475,0.0041,-0.1305
0,0.0475,0.0043,-0.1264
0,0.0475,0.0045,-0.1222
0,0.0475,0.0047,-0.1177
0,0.0475,0.0049,-0.1131
0,0.0475,0.0051,-0.1082
0,0.0475,0.0053,-0.1032
0,0.0475,0.0054,-0.0980
0,0.0475,0.0056,-0.0927
0,0.0475,0.0057,-0.0872
0,0.0475,0.0059,-0.0816
0,0.0475,0.0060,-0.0758
0,0.0475,0.0061,-0.0700
0,0.0475,0.0063,-0.0640
0,0.0475,0.0064,-0.0579
0,0.0475,0.0064,-0.0517
0,0.0475,0.0065,-0.0454
0,0.0475,0.0066,-0.0391
0,0.0475,0.0067,-0.0326
0,0.0475,0.0067,-0.0262
0,0.0475,0.0067,-0.0197
0,0.0475,0.0068,-0.0131
0,0.0475,0.0068,-0.0066
0,0.0475,0.0068,-0.0000
0,0.0475,0.0137,0.0580
0,0.0475,0.0207,0.1160
0,0.0475,0.0276,0.1739
0,0.0475,0.0346,0.2319
0,0.0475,0.0415,0.2899
0,0.0475,0.0485,0.3479
0,0.0475,0.0554,0.4059
0,0.0475,0.0624,0.4638
0,0.0475,0.0693,0.5218
0,0.0475,0.0763,0.5798
0,0.0475,0.0832,0.6378
0,0.0475,0.0902,0.6957
1,0.0585,-0.0920,0.6973
1,0.0585,-0.0850,0.6392
1,0.0585,-0.0781,0.5811
1,0.0585,-0.0711,0.5230
1,0.0585,-0.0641,0.4648
1,0.0585,-0.0572,0.4067
1,0.0585,-0.0502,0.3486
1,0.0585,-0.0432,0.2905
1,0.0585,-0.0363,0.2324
1,0.0585,-0.0293,0.1743
1,0.0585,-0.0223,0.1162
1,0.0585,-0.0154,0.0581
1,0.0585,-0.0084,-0.0000
1,0.0585,-0.0084,-0.0066
1,0.0585,-0.0084,-0.0133
1,0.0585,-0.0083,-0.0199
1,0.0585,-0.0083,-0.0264
1,0.0585,-0.0082,-0.0330
1,0.0585,-0.0082,-0.0394
1,0.0585,-0.0081,-0.0459
1,0.0585,-0.0080,-0.0522
1,0.0585,-0.0079,-0.0585
1,0.0585,-0.0077,-0.0646
1,0.0585,-0.0076,-0.0707
1,0.0585,-0.0074,-0.0766
1,0.0585,-0.0073,-0.0824
1,0.0585,-0.0071,-0.0881
1,0.0585,-0.0069,-0.0936
1,0.0585,-0.0067,-0.0990
1,0.0585,-0.0065,-0.1043
1,0.0585,-0.0063,-0.1093
1,0.0585,-0.0061,-0.1142
1,0.0585,-0.0058,-0.1189
1,0.0585,-0.0056,-0.1234
1,0.0585,-0.0053,-0.1277
1,0.0585,-0.0051,-0.1318
1,0.0585,-0.0048,-0.1357
1,0.0585,-0.0045,-0.1393
1,0.0585,-0.0042,-0.1428
1,0.0585,-0.0039,-0.1460
1,0.0585,-0.0036,-0.1489
1,0.0585,-0.0033,-0.1516
1,0.0585,-0.0030,-0.1541
1,0.0585,-0.0027,-0.1563
1,0.0585,-0.0023,-0.1583
1,0.0585,-0.0020,-0.1600
1,0.0585,-0.0017,-0.1615
1,0.0585,-0.0013,-0.1627
1,0.0585,-0.0010,-0.1636
1,0.0585,-0.0007,-0.1643
1,0.0585,-0.0003,-0.1647
1,0.0585,-0.0000,-0.1648
1,0.0585,0.0003,-0.1647
1,0.0585,0.0007,-0.1643
1,0.0585,0.0010,-0.1636
1,0.0585,0.0013,-0.1627
1,0.0585,0.0017,-0.1615
1,0.0585,0.0020,-0.1600
1,0.0585,0.0023,-0.1583
1,0.0585,0.0027,-0.1563
1,0.0585,0.0030,-0.1541
1,0.0585,0.0033,-0.1516
1,0.0585,0.0036,-0.1489
1,0.0585,0.0039,-0.1460
1,0.0585,0.0042,-0.1428
1,0.0585,0.0045,-0.1393
1,0.0585,0.0048,-0.1357
1,0.0585,0.0051,-0.1318
1,0.0585,0.0053,-0.1277
1,0.0585,0.0056,-0.1234
1,0.0585,0.0058,-0.1189
1,0.0585,0.0061,-0.1142
1,0.0585,0.0063,-0.1093
1,0.0585,0.0065,-0.1043
1,0.0585,0.0067,-0.0990
1,0.0585,0.0069,-0.0936
1,0.0585,0.0071,-0.0881
1,0.0585,0.0073,-0.0824
1,0.0585,0.0074,-0.0766
1,0.0585,0.0076,-0.0707
1,0.0585,0.0077,-0.0646
1,0.0585,0.0079,-0.0585
1,0.0585,0.0080,-0.0522
1,0.0585,0.0081,-0.0459
1,0.0585,0.0082,-0.0394
1,0.0585,0.0082,-0.0330
1,0.0585,0.0083,-0.0264
1,0.0585,0.0083,-0.0199
1,0.0585,0.0084,-0.0133
1,0.0585,0.0084,-0.0066
1,0.0585,0.0084,-0.0000
1,0.0585,0.0154,0.0581
1,0.0585,0.0223,0.1162
1,0.0585,0.0293,0.1743
1,0.0585,0.0363,0.2324
1,0.0585,0.0432,0.2905
1,0.0585,0.0502,0.3486
1,0.0585,0.0572,0.4067
1,0.0585,0.0641,0.4648
1,0.0585,0.0711,0.5230
1,0.0585,0.0781,0.5811
1,0.0585,0.0850,0.6392
1,0.0585,0.0920,0.6973
2,0.2325,-0.1221,0.7184
2,0.2325,-0.1149,0.6586
2,0.2325,-0.1077,0.5987
2,0.2325,-0.1004,0.5388
2,0.2325,-0.0932,0.4790
2,0.2325,-0.0860,0.4191
2,0.2325,-0.0787,0.3592
2,0.2325,-0.0715,0.2993
2,0.2325,-0.0643,0.2395
2,0.2325,-0.0571,0.1796
2,0.2325,-0.0498,0.1197
2,0.2325,-0.0426,0.0599
2,0.2325,-0.0354,-0.0000
2,0.2325,-0.0354,-0.0076
2,0.2325,-0.0353,-0.0153
2,0.2325,-0.0351,-0.0229
2,0.2325,-0.0349,-0.0304
2,0.2325,-0.0347,-0.0380
2,0.2325,-0.0344,-0.0454
2,0.2325,-0.0340,-0.0528
2,0.2325,-0.0336,-0.0601
2,0.2325,-0.0331,-0.0673
2,0.2325,-0.0326,-0.0744
2,0.2325,-0.0320,-0.0814
2,0.2325,-0.0313,-0.0882
2,0.2325,-0.0306,-0.0949
2,0.2325,-0.0299,-0.1015
2,0.2325,-0.0291,-0.1078
2,0.2325,-0.0283,-0.1140
2,0.2325,-0.0274,-0.1201
2,0.2325,-0.0265,-0.1259
2,0.2325,-0.0255,-0.1315
2,0.2325,-0.0245,-0.1369
2,0.2325,-0.0235,-0.1421
2,0.2325,-0.0224,-0.1470
2,0.2325,-0.0213,-0.1517
2,0.2325,-0.0201,-0.1562
2,0.2325,-0.0189,-0.1604
2,0.2325,-0.0177,-0.1644
2,0.2325,-0.0164,-0.1680
2,0.2325,-0.0152,-0.1715
2,0.2325,-0.0139,-0.1746
2,0.2325,-0.0125,-0.1774
2,0.2325,-0.0112,-0.1800
2,0.2325,-0.0098,-0.1823
2,0.2325,-0.0085,-0.1843
2,0.2325,-0.0071,-0.1859
2,0.2325,-0.0057,-0.1873
2,0.2325,-0.0043,-0.1884
2,0.2325,-0.0028,-0.1892
2,0.2325,-0.0014,-0.1896
2,0.2325,-0.0000,-0.1898
2,0.2325,0.0014,-0.1896
2,0.2325,0.0028,-0.1892
2,0.2325,0.0043,-0.1884
2,0.2325,0.0057,-0.1873
2,0.2325,0.0071,-0.1859
2,0.2325,0.0085,-0.1843
2,0.2325,0.0098,-0.1823
2,0.2325,0.0112,-0.1800
2,0.2325,0.0125,-0.1774
2,0.2325,0.0139,-0.1746
2,0.2325,0.0152,-0.1715
2,0.2325,0.0164,-0.1680
2,0.2325,0.0177,-0.1644
2,0.2325,0.0189,-0.1604
2,0.2325,0.0201,-0.1562
2,0.2325,0.0213,-0.1517
2,0.2325,0.0224,-0.1470
2,0.2325,0.0235,-0.1421
2,0.2325,0.0245,-0.1369
2,0.2325,0.0255,-0.1315
2,0.2325,0.0265,-0.1259
2,0.2325,0.0274,-0.1201
2,0.2325,0.0283,-0.1140
2,0.2325,0.0291,-0.1078
2,0.2325,0.0299,-0.1015
2,0.2325,0.0306,-0.0949
2,0.2325,0.0313,-0.0882
2,0.2325,0.0320,-0.0814
2,0.2325,0.0326,-0.0744
2,0.2325,0.0331,-0.0673
2,0.2325,0.0336,-0.0601
2,0.2325,0.0340,-0.0528
2,0.2325,0.0344,-0.0454
2,0.2325,0.0347,-0.0380
2,0.2325,0.0349,-0.0304
2,0.2325,0.0351,-0.0229
2,0.2325,0.0353,-0.0153
2,0.2325,0.0354,-0.0076
2,0.2325,0.0354,-0.0000
2,0.2325,0.0426,0.0599
2,0.2325,0.0498,0.1197
2,0.2325,0.0571,0.1796
2,0.2325,0.0643,0.2395
2,0.2325,0.0715,0.2993
2,0.2325,0.0787,0.3592
2,0.2325,0.0860,0.4191
2,0.2325,0.0932,0.4790
2,0.2325,0.1004,0.5388
2,0.2325,0.1077,0.5987
2,0.2325,0.1149,0.6586
2,0.2325,0.1221,0.7184
3,0.5177,-0.1759,0.7441
3,0.5177,-0.1684,0.6821
3,0.5177,-0.1608,0.6201
3,0.5177,-0.1533,0.5581
3,0.5177,-0.1458,0.4961
3,0.5177,-0.1382,0.4341
3,0.5177,-0.1307,0.3721
3,0.5177,-0.1232,0.3101
3,0.5177,-0.1157,0.2480
3,0.5177,-0.1081,0.1860
3,0.5177,-0.1006,0.1240
3,0.5177,-0.0931,0.0620
3,0.5177,-0.0855,-0.0000
3,0.5177,-0.0855,-0.0091
3,0.5177,-0.0853,-0.0182
3,0.5177,-0.0849,-0.0273
3,0.5177,-0.0844,-0.0364
3,0.5177,-0.0838,-0.0454
3,0.5177,-0.0831,-0.0543
3,0.5177,-0.0822,-0.0631
3,0.5177,-0.0811,-0.0718
3,0.5177,-0.0800,-0.0804
3,0.5177,-0.0787,-0.0889
3,0.5177,-0.0773,-0.0972
3,0.5177,-0.0757,-0.1054
3,0.5177,-0.0741,-0.1134
3,0.5177,-0.0723,-0.1212
3,0.5177,-0.0704,-0.1288
3,0.5177,-0.0684,-0.1362
3,0.5177,-0.0663,-0.1434
3,0.5177,-0.0640,-0.1504
3,0.5177,-0.0617,-0.1571
3,0.5177,-0.0593,-0.1636
3,0.5177,-0.0567,-0.1697
3,0.5177,-0.0541,-0.1756
3,0.5177,-0.0514,-0.1813
3,0.5177,-0.0486,-0.1866
3,0.5177,-0.0457,-0.1916
3,0.5177,-0.0428,-0.1963
3,0.5177,-0.0398,-0.2007
3,0.5177,-0.0367,-0.2048
3,0.5177,-0.0335,-0.2085
3,0.5177,-0.0303,-0.2119
3,0.5177,-0.0271,-0.2150
3,0.5177,-0.0238,-0.2177
3,0.5177,-0.0205,-0.2201
3,0.5177,-0.0171,-0.2221
3,0.5177,-0.0137,-0.2237
3,0.5177,-0.0103,-0.2250
3,0.5177,-0.0069,-0.2259
3,0.5177,-0.0034,-0.2265
3,0.5177,-0.0000,-0.2267
3,0.5177,0.0034,-0.2265
3,0.5177,0.0069,-0.2259
3,0.5177,0.0103,-0.2250
3,0.5177,0.0137,-0.2237
3,0.5177,0.0171,-0.2221
3,0.5177,0.0205,-0.2201
3,0.5177,0.0238,-0.2177
3,0.5177,0.0271,-0.2150
3,0.5177,0.0303,-0.2119
3,0.5177,0.0335,-0.2085
3,0.5177,0.0367,-0.2048
3,0.5177,0.0398,-0.2007
3,0.5177,0.0428,-0.1963
3,0.5177,0.0457,-0.1916
3,0.5177,0.0486,-0.1866
3,0.5177,0.0514,-0.1813
3,0.5177,0.0541,-0.1756
3,0.5177,0.0567,-0.1697
3,0.5177,0.0593,-0.1636
3,0.5177,0.0617,-0.1571
3,0.5177,0.0640,-0.1504
3,0.5177,0.0663,-0.1434
3,0.5177,0.0684,-0.1362
3,0.5177,0.0704,-0.1288
3,0.5177,0.0723,-0.1212
3,0.5177,0.0741,-0.1134
3,0.5177,0.0757,-0.1054
3,0.5177,0.0773,-0.0972
3,0.5177,0.0787,-0.0889
3,0.5177,0.0800,-0.0804
3,0.5177,0.0811,-0.0718
3,0.5177,0.0822,-0.0631
3,0.5177,0.0831,-0.0543
3,0.5177,0.0838,-0.0454
3,0.5177,0.0844,-0.0364
3,0.5177,0.0849,-0.0273
3,0.5177,0.0853,-0.0182
3,0.5177,0.0855,-0.0091
3,0.5177,0.0855,-0.0000
3,0.5177,0.0931,0.0620
3,0.5177,0.1006,0.1240
3,0.5177,0.1081,0.1860
3,0.5177,0.1157,0.2480
3,0.5177,0.1232,0.3101
3,0.5177,0.1307,0.3721
3,0.5177,0.1382,0.4341
3,0.5177,0.1458,0.4961
3,0.5177,0.1533,0.5581
3,0.5177,0.1608,0.6201
3,0.5177,0.1684,0.6821
3,0.5177,0.1759,0.7441
4,0.9072,-0.2574,0.7657
4,0.9072,-0.2497,0.7019
4,0.9072,-0.2419,0.6381
4,0.9072,-0.2342,0.5743
4,0.9072,-0.2264,0.5105
4,0.9072,-0.2187,0.4467
4,0.9072,-0.2109,0.3828
4,0.9072,-0.2032,0.3190
4,0.9072,-0.1954,0.2552
4,0.9072,-0.1877,0.1914
4,0.9072,-0.1799,0.1276
4,0.9072,-0.1722,0.0638
4,0.9072,-0.1644,-0.0000
4,0.9072,-0.1643,-0.0109
4,0.9072,-0.1639,-0.0217
4,0.9072,-0.1632,-0.0326
4,0.9072,-0.1623,-0.0434
4,0.9072,-0.1611,-0.0541
4,0.9072,-0.1596,-0.0647
4,0.9072,-0.1579,-0.0752
4,0.9072,-0.1560,-0.0856
4,0.9072,-0.1537,-0.0958
4,0.9072,-0.1513,-0.1059
4,0.9072,-0.1486,-0.1159
4,0.9072,-0.1456,-0.1256
4,0.9072,-0.1424,-0.1352
4,0.9072,-0.1390,-0.1445
4,0.9072,-0.1354,-0.1536
4,0.9072,-0.1315,-0.1624
4,0.9072,-0.1274,-0.1710
4,0.9072,-0.1232,-0.1793
4,0.9072,-0.1187,-0.1873
4,0.9072,-0.1140,-0.1950
4,0.9072,-0.1091,-0.2023
4,0.9072,-0.1041,-0.2094
4,0.9072,-0.0988,-0.2161
4,0.9072,-0.0935,-0.2224
4,0.9072,-0.0879,-0.2284
4,0.9072,-0.0823,-0.2340
4,0.9072,-0.0765,-0.2393
4,0.9072,-0.0705,-0.2441
4,0.9072,-0.0645,-0.2486
4,0.9072,-0.0583,-0.2526
4,0.9072,-0.0521,-0.2563
4,0.9072,-0.0458,-0.2595
4,0.9072,-0.0394,-0.2623
4,0.9072,-0.0329,-0.2647
4,0.9072,-0.0264,-0.2667
4,0.9072,-0.0198,-0.2682
4,0.9072,-0.0132,-0.2693
4,0.9072,-0.0066,-0.2700
4,0.9072,-0.0000,-0.2702
4,0.9072,0.0066,-0.2700
4,0.9072,0.0132,-0.2693
4,0.9072,0.0198,-0.2682
4,0.9072,0.0264,-0.2667
4,0.9072,0.0329,-0.2647
4,0.9072,0.0394,-0.2623
4,0.9072,0.0458,-0.2595
4,0.9072,0.0521,-0.2563
4,0.9072,0.0583,-0.2526
4,0.9072,0.0645,-0.2486
4,0.9072,0.0705,-0.2441
4,0.9072,0.0765,-0.2393
4,0.9072,0.0823,-0.2340
4,0.9072,0.0879,-0.2284
4,0.9072,0.0935,-0.2224
4,0.9072,0.0988,-0.2161
4,0.9072,0.1041,-0.2094
4,0.9072,0.1091,-0.2023
4,0.9072,0.1140,-0.1950
4,0.9072,0.1187,-0.1873
4,0.9072,0.1232,-0.1793
4,0.9072,0.1274,-0.1710
4,0.9072,0.1315,-0.1624
4,0.9072,0.1354,-0.1536
4,0.9072,0.1390,-0.1445
4,0.9072,0.1424,-0.1352
4,0.9072,0.1456,-0.1256
4,0.9072,0.1486,-0.1159
4,0.9072,0.1513,-0.1059
4,0.9072,0.1537,-0.0958
4,0.9072,0.1560,-0.0856
4,0.9072,0.1579,-0.0752
4,0.9072,0.1596,-0.0647
4,0.9072,0.1611,-0.0541
4,0.9072,0.1623,-0.0434
4,0.9072,0.1632,-0.0326
4,0.9072,0.1639,-0.0217
4,0.9072,0.1643,-0.0109
4,0.9072,0.1644,-0.0000
4,0.9072,0.1722,0.0638
4,0.9072,0.1799,0.1276
4,0.9072,0.1877,0.1914
4,0.9072,0.1954,0.2552
4,0.9072,0.2032,0.3190
4,0.9072,0.2109,0.3828
4,0.9072,0.2187,0.4467
4,0.9072,0.2264,0.5105
4,0.9072,0.2342,0.5743
4,0.9072,0.2419,0.6381
4,0.9072,0.2497,0.7019
4,0.9072,0.2574,0.7657
5,1.3912,-0.3696,0.7774
5,1.3912,-0.3618,0.7126
5,1.3912,-0.3540,0.6479
5,1.3912,-0.3462,0.5831
5,1.3912,-0.3384,0.5183
5,1.3912,-0.3306,0.4535
5,1.3912,-0.3228,0.3887
5,1.3912,-0.3150,0.3239
5,1.3912,-0.3072,0.2591
5,1.3912,-0.2994,0.1944
5,1.3912,-0.2915,0.1296
5,1.3912,-0.2837,0.0648
5,1.3912,-0.2759,-0.0000
5,1.3912,-0.2757,-0.0127
5,1.3912,-0.2750,-0.0254
5,1.3912,-0.2739,-0.0380
5,1.3912,-0.2723,-0.0506
5,1.3912,-0.2703,-0.0631
5,1.3912,-0.2679,-0.0754
5,1.3912,-0.2650,-0.0877
5,1.3912,-0.2617,-0.0998
5,1.3912,-0.2580,-0.1118
5,1.3912,-0.2539,-0.1236
5,1.3912,-0.2493,-0.1352
5,1.3912,-0.2444,-0.1465
5,1.3912,-0.2390,-0.1577
5,1.3912,-0.2333,-0.1685
5,1.3912,-0.2272,-0.1791
5,1.3912,-0.2207,-0.1895
5,1.3912,-0.2139,-0.1995
5,1.3912,-0.2067,-0.2091
5,1.3912,-0.1992,-0.2185
5,1.3912,-0.1914,-0.2275
5,1.3912,-0.1832,-0.2361
5,1.3912,-0.1747,-0.2443
5,1.3912,-0.1659,-0.2521
5,1.3912,-0.1569,-0.2595
5,1.3912,-0.1476,-0.2664
5,1.3912,-0.1381,-0.2730
5,1.3912,-0.1283,-0.2791
5,1.3912,-0.1184,-0.2848
5,1.3912,-0.1082,-0.2900
5,1.3912,-0.0979,-0.2947
5,1.3912,-0.0874,-0.2990
5,1.3912,-0.0768,-0.3027
5,1.3912,-0.0661,-0.3060
5,1.3912,-0.0552,-0.3088
5,1.3912,-0.0443,-0.3111
5,1.3912,-0.0333,-0.3129
5,1.3912,-0.0222,-0.3142
5,1.3912,-0.0111,-0.3150
5,1.3912,-0.0000,-0.3153
5,1.3912,0.0111,-0.3150
5,1.3912,0.0222,-0.3142
5,1.3912,0.0333,-0.3129
5,1.3912,0.0443,-0.3111
5,1.3912,0.0552,-0.3088
5,1.3912,0.0661,-0.3060
5,1.3912,0.0768,-0.3027
5,1.3912,0.0874,-0.2990
5,1.3912,0.0979,-0.2947
5,1.3912,0.1082,-0.2900
5,1.3912,0.1184,-0.2848
5,1.3912,0.1283,-0.2791
5,1.3912,0.1381,-0.2730
5,1.3912,0.1476,-0.2664
5,1.3912,0.1569,-0.2595
5,1.3912,0.1659,-0.2521
5,1.3912,0.1747,-0.2443
5,1.3912,0.1832,-0.2361
5,1.3912,0.1914,-0.2275
5,1.3912,0.1992,-0.2185
5,1.3912,0.2067,-0.2091
5,1.3912,0.2139,-0.1995
5,1.3912,0.2207,-0.1895
5,1.3912,0.2272,-0.1791
5,1.3912,0.2333,-0.1685
5,1.3912,0.2390,-0.1577
5,1.3912,0.2444,-0.1465
5,1.3912,0.2493,-0.1352
5,1.3912,0.2539,-0.1236
5,1.3912,0.2580,-0.1118
5,1.3912,0.2617,-0.0998
5,1.3912,0.2650,-0.0877
5,1.3912,0.2679,-0.0754
5,1.3912,0.2703,-0.0631
5,1.3912,0.2723,-0.0506
5,1.3912,0.2739,-0.0380
5,1.3912,0.2750,-0.0254
5,1.3912,0.2757,-0.0127
5,1.3912,0.2759,-0.0000
5,1.3912,0.2837,0.0648
5,1.3912,0.2915,0.1296
5,1.3912,0.2994,0.1944
5,1.3912,0.3072,0.2591
5,1.3912,0.3150,0.3239
5,1.3912,0.3228,0.3887
5,1.3912,0.3306,0.4535
5,1.3912,0.3384,0.5183
5,1.3912,0.3462,0.5831
5,1.3912,0.3540,0.6479
5,1.3912,0.3618,0.7126
5,1.3912,0.3696,0.7774
6,1.9580,-0.5114,0.7772
6,1.9580,-0.5038,0.7125
6,1.9580,-0.4961,0.6477
6,1.9580,-0.4885,0.5829
6,1.9580,-0.4808,0.5182
6,1.9580,-0.4731,0.4534
6,1.9580,-0.4655,0.3886
6,1.9580,-0.4578,0.3239
6,1.9580,-0.4501,0.2591
6,1.9580,-0.4425,0.1943
6,1.9580,-0.4348,0.1295
6,1.9580,-0.4271,0.0648
6,1.9580,-0.4195,-0.0000
6,1.9580,-0.4191,-0.0144
6,1.9580,-0.4181,-0.0288
6,1.9580,-0.4164,-0.0431
6,1.9580,-0.4140,-0.0574
6,1.9580,-0.4109,-0.0715
6,1.9580,-0.4072,-0.0856
6,1.9580,-0.4029,-0.0995
6,1.9580,-0.3979,-0.1132
6,1.9580,-0.3922,-0.1268
6,1.9580,-0.3859,-0.1402
6,1.9580,-0.3790,-0.1533
6,1.9580,-0.3715,-0.1662
6,1.9580,-0.3634,-0.1788
6,1.9580,-0.3547,-0.1912
6,1.9580,-0.3454,-0.2032
6,1.9580,-0.3356,-0.2149
6,1.9580,-0.3253,-0.2263
6,1.9580,-0.3144,-0.2372
6,1.9580,-0.3030,-0.2479
6,1.9580,-0.2911,-0.2580
6,1.9580,-0.2786,-0.2678
6,1.9580,-0.2657,-0.2771
6,1.9580,-0.2523,-0.2859
6,1.9580,-0.2386,-0.2943
6,1.9580,-0.2245,-0.3022
6,1.9580,-0.2100,-0.3097
6,1.9580,-0.1951,-0.3166
6,1.9580,-0.1800,-0.3230
6,1.9580,-0.1646,-0.3289
6,1.9580,-0.1489,-0.3343
6,1.9580,-0.1329,-0.3391
6,1.9580,-0.1168,-0.3434
6,1.9580,-0.1005,-0.3472
6,1.9580,-0.0840,-0.3503
6,1.9580,-0.0673,-0.3529
6,1.9580,-0.0506,-0.3550
6,1.9580,-0.0338,-0.3565
6,1.9580,-0.0169,-0.3574
6,1.9580,-0.0000,-0.3577
6,1.9580,0.0169,-0.3574
6,1.9580,0.0338,-0.3565
6,1.9580,0.0506,-0.3550
6,1.9580,0.0673,-0.3529
6,1.9580,0.0840,-0.3503
6,1.9580,0.1005,-0.3472
6,1.9580,0.1168,-0.3434
6,1.9580,0.1329,-0.3391
6,1.9580,0.1489,-0.3343
6,1.9580,0.1646,-0.3289
6,1.9580,0.1800,-0.3230
6,1.9580,0.1951,-0.3166
6,1.9580,0.2100,-0.3097
6,1.9580,0.2245,-0.3022
6,1.9580,0.2386,-0.2943
6,1.9580,0.2523,-0.2859
6,1.9580,0.2657,-0.2771
6,1.9580,0.2786,-0.2678
6,1.9580,0.2911,-0.2580
6,1.9580,0.3030,-0.2479
6,1.9580,0.3144,-0.2372
6,1.9580,0.3253,-0.2263
6,1.9580,0.3356,-0.2149
6,1.9580,0.3454,-0.2032
6,1.9580,0.3547,-0.1912
6,1.9580,0.3634,-0.1788
6,1.9580,0.3715,-0.1662
6,1.9580,0.3790,-0.1533
6,1.9580,0.3859,-0.1402
6,1.9580,0.3922,-0.1268
6,1.9580,0.3979,-0.1132
6,1.9580,0.4029,-0.0995
6,1.9580,0.4072,-0.0856
6,1.9580,0.4109,-0.0715
6,1.9580,0.4140,-0.0574
6,1.9580,0.4164,-0.0431
6,1.9580,0.4181,-0.0288
6,1.9580,0.4191,-0.0144
6,1.9580,0.4195,-0.0000
6,1.9580,0.4271,0.0648
6,1.9580,0.4348,0.1295
6,1.9580,0.4425,0.1943
6,1.9580,0.4501,0.2591
6,1.9580,0.4578,0.3239
6,1.9580,0.4655,0.3886
6,1.9580,0.4731,0.4534
6,1.9580,0.4808,0.5182
6,1.9580,0.4885,0.5829
6,1.9580,0.4961,0.6477
6,1.9580,0.5038,0.7125
6,1.9580,0.5114,0.7772
7,2.5935,-0.6760,0.7662
7,2.5935,-0.6687,0.7023
7,2.5935,-0.6613,0.6385
7,2.5935,-0.6540,0.5746
7,2.5935,-0.6467,0.5108
7,2.5935,-0.6394,0.4469
7,2.5935,-0.6320,0.3831
7,2.5935,-0.6247,0.3192
7,2.5935,-0.6174,0.2554
7,2.5935,-0.6100,0.1915
7,2.5935,-0.6027,0.1277
7,2.5935,-0.5954,0.0638
7,2.5935,-0.5880,-0.0000
7,2.5935,-0.5875,-0.0159
7,2.5935,-0.5860,-0.0317
7,2.5935,-0.5836,-0.0475
7,2.5935,-0.5803,-0.0633
7,2.5935,-0.5760,-0.0789
7,2.5935,-0.5708,-0.0944
7,2.5935,-0.5647,-0.1097
7,2.5935,-0.5577,-0.1249
7,2.5935,-0.5498,-0.1399
7,2.5935,-0.5410,-0.1546
7,2.5935,-0.5313,-0.1691
7,2.5935,-0.5208,-0.1833
7,2.5935,-0.5095,-0.1973
7,2.5935,-0.4973,-0.2109
7,2.5935,-0.4843,-0.2241
7,2.5935,-0.4706,-0.2371
7,2.5935,-0.4561,-0.2496
7,2.5935,-0.4409,-0.2617
7,2.5935,-0.4249,-0.2734
7,2.5935,-0.4082,-0.2847
7,2.5935,-0.3907,-0.2954
7,2.5935,-0.3726,-0.3056
7,2.5935,-0.3539,-0.3154
7,2.5935,-0.3346,-0.3247
7,2.5935,-0.3148,-0.3334
7,2.5935,-0.2944,-0.3416
7,2.5935,-0.2736,-0.3492
7,2.5935,-0.2524,-0.3563
7,2.5935,-0.2308,-0.3628
7,2.5935,-0.2088,-0.3688
7,2.5935,-0.1864,-0.3741
7,2.5935,-0.1638,-0.3789
7,2.5935,-0.1409,-0.3830
7,2.5935,-0.1177,-0.3865
7,2.5935,-0.0944,-0.3894
7,2.5935,-0.0709,-0.3917
7,2.5935,-0.0474,-0.3933
7,2.5935,-0.0237,-0.3943
7,2.5935,-0.0000,-0.3947
7,2.5935,0.0237,-0.3943
7,2.5935,0.0474,-0.3933
7,2.5935,0.0709,-0.3917
7,2.5935,0.0944,-0.3894
7,2.5935,0.1177,-0.3865
7,2.5935,0.1409,-0.3830
7,2.5935,0.1638,-0.3789
7,2.5935,0.1864,-0.3741
7,2.5935,0.2088,-0.3688
7,2.5935,0.2308,-0.3628
7,2.5935,0.2524,-0.3563
7,2.5935,0.2736,-0.3492
7,2.5935,0.2944,-0.3416
7,2.5935,0.3148,-0.3334
7,2.5935,0.3346,-0.3247
7,2.5935,0.3539,-0.3154
7,2.5935,0.3726,-0.3056
7,2.5935,0.3907,-0.2954
7,2.5935,0.4082,-0.2847
7,2.5935,0.4249,-0.2734
7,2.5935,0.4409,-0.2617
7,2.5935,0.4561,-0.2496
7,2.5935,0.4706,-0.2371
7,2.5935,0.4843,-0.2241
7,2.5935,0.4973,-0.2109
7,2.5935,0.5095,-0.1973
7,2.5935,0.5208,-0.1833
7,2.5935,0.5313,-0.1691
7,2.5935,0.5410,-0.1546
7,2.5935,0.5498,-0.1399
7,2.5935,0.5577,-0.1249
7,2.5935,0.5647,-0.1097
7,2.5935,0.5708,-0.0944
7,2.5935,0.5760,-0.0789
7,2.5935,0.5803,-0.0633
7,2.5935,0.5836,-0.0475
7,2.5935,0.5860,-0.0317
7,2.5935,0.5875,-0.0159
7,2.5935,0.5880,-0.0000
7,2.5935,0.5954,0.0638
7,2.5935,0.6027,0.1277
7,2.5935,0.6100,0.1915
7,2.5935,0.6174,0.2554
7,2.5935,0.6247,0.3192
7,2.5935,0.6320,0.3831
7,2.5935,0.6394,0.4469
7,2.5935,0.6467,0.5108
7,2.5935,0.6540,0.5746
7,2.5935,0.6613,0.6385
7,2.5935,0.6687,0.7023
7,2.5935,0.6760,0.7662
8,3.2822,-0.8488,0.7472
8,3.2822,-0.8419,0.6850
8,3.2822,-0.8351,0.6227
8,3.2822,-0.8282,0.5604
8,3.2822,-0.8214,0.4982
8,3.2822,-0.8145,0.4359
8,3.2822,-0.8077,0.3736
8,3.2822,-0.8008,0.3113
8,3.2822,-0.7940,0.2491
8,3.2822,-0.7871,0.1868
8,3.2822,-0.7803,0.1245
8,3.2822,-0.7734,0.0623
8,3.2822,-0.7665,-0.0000
8,3.2822,-0.7659,-0.0171
8,3.2822,-0.7639,-0.0341
8,3.2822,-0.7608,-0.0511
8,3.2822,-0.7564,-0.0680
8,3.2822,-0.7509,-0.0849
8,3.2822,-0.7441,-0.1015
8,3.2822,-0.7361,-0.1180
8,3.2822,-0.7270,-0.1343
8,3.2822,-0.7167,-0.1505
8,3.2822,-0.7052,-0.1663
8,3.2822,-0.6927,-0.1819
8,3.2822,-0.6790,-0.1972
8,3.2822,-0.6642,-0.2122
8,3.2822,-0.6484,-0.2269
8,3.2822,-0.6315,-0.2411
8,3.2822,-0.6136,-0.2550
8,3.2822,-0.5948,-0.2685
8,3.2822,-0.5750,-0.2816
8,3.2822,-0.5542,-0.2942
8,3.2822,-0.5324,-0.3063
8,3.2822,-0.5096,-0.3178
8,3.2822,-0.4860,-0.3288
8,3.2822,-0.4615,-0.3393
8,3.2822,-0.4364,-0.3493
8,3.2822,-0.4105,-0.3587
8,3.2822,-0.3840,-0.3675
8,3.2822,-0.3569,-0.3757
8,3.2822,-0.3292,-0.3833
8,3.2822,-0.3009,-0.3903
8,3.2822,-0.2722,-0.3967
8,3.2822,-0.2431,-0.4025
8,3.2822,-0.2136,-0.4076
8,3.2822,-0.1837,-0.4120
8,3.2822,-0.1535,-0.4158
8,3.2822,-0.1231,-0.4190
8,3.2822,-0.0925,-0.4214
8,3.2822,-0.0618,-0.4232
8,3.2822,-0.0309,-0.4243
8,3.2822,-0.0000,-0.4247
8,3.2822,0.0309,-0.4243
8,3.2822,0.0618,-0.4232
8,3.2822,0.0925,-0.4214
8,3.2822,0.1231,-0.4190
8,3.2822,0.1535,-0.4158
8,3.2822,0.1837,-0.4120
8,3.2822,0.2136,-0.4076
8,3.2822,0.2431,-0.4025
8,3.2822,0.2722,-0.3967
8,3.2822,0.3009,-0.3903
8,3.2822,0.3292,-0.3833
8,3.2822,0.3569,-0.3757
8,3.2822,0.3840,-0.3675
8,3.2822,0.4105,-0.3587
8,3.2822,0.4364,-0.3493
8,3.2822,0.4615,-0.3393
8,3.2822,0.4860,-0.3288
8,3.2822,0.5096,-0.3178
8,3.2822,0.5324,-0.3063
8,3.2822,0.5542,-0.2942
8,3.2822,0.5750,-0.2816
8,3.2822,0.5948,-0.2685
8,3.2822,0.6136,-0.2550
8,3.2822,0.6315,-0.2411
8,3.2822,0.6484,-0.2269
8,3.2822,0.6642,-0.2122
8,3.2822,0.6790,-0.1972
8,3.2822,0.6927,-0.1819
8,3.2822,0.7052,-0.1663
8,3.2822,0.7167,-0.1505
8,3.2822,0.7270,-0.1343
8,3.2822,0.7361,-0.1180
8,3.2822,0.7441,-0.1015
8,3.2822,0.7509,-0.0849
8,3.2822,0.7564,-0.0680
8,3.2822,0.7608,-0.0511
8,3.2822,0.7639,-0.0341
8,3.2822,0.7659,-0.0171
8,3.2822,0.7665,-0.0000
8,3.2822,0.7734,0.0623
8,3.2822,0.7803,0.1245
8,3.2822,0.7871,0.1868
8,3.2822,0.7940,0.2491
8,3.2822,0.8008,0.3113
8,3.2822,0.8077,0.3736
8,3.2822,0.8145,0.4359
8,3.2822,0.8214,0.4982
8,3.2822,0.8282,0.5604
8,3.2822,0.8351,0.6227
8,3.2822,0.8419,0.6850
8,3.2822,0.8488,0.7472
9,4.0069,-1.0067,0.7243
9,4.0069,-1.0004,0.6639
9,4.0069,-0.9941,0.6036
9,4.0069,-0.9879,0.5432
9,4.0069,-0.9816,0.4829
9,4.0069,-0.9753,0.4225
9,4.0069,-0.9690,0.3621
9,4.0069,-0.9627,0.3018
9,4.0069,-0.9565,0.2414
9,4.0069,-0.9502,0.1811
9,4.0069,-0.9439,0.1207
9,4.0069,-0.9376,0.0604
9,4.0069,-0.9314,-0.0000
9,4.0069,-0.9305,-0.0180
9,4.0069,-0.9282,-0.0359
9,4.0069,-0.9243,-0.0538
9,4.0069,-0.9190,-0.0716
9,4.0069,-0.9123,-0.0893
9,4.0069,-0.9040,-0.1069
9,4.0069,-0.8944,-0.1243
9,4.0069,-0.8833,-0.1415
9,4.0069,-0.8708,-0.1584
9,4.0069,-0.8569,-0.1751
9,4.0069,-0.8416,-0.1916
9,4.0069,-0.8250,-0.2077
9,4.0069,-0.8071,-0.2235
9,4.0069,-0.7879,-0.2389
9,4.0069,-0.7675,-0.2540
9,4.0069,-0.7458,-0.2686
9,4.0069,-0.7229,-0.2828
9,4.0069,-0.6989,-0.2966
9,4.0069,-0.6738,-0.3099
9,4.0069,-0.6473,-0.3226
9,4.0069,-0.6195,-0.3347
9,4.0069,-0.5907,-0.3463
9,4.0069,-0.5610,-0.3573
9,4.0069,-0.5304,-0.3678
9,4.0069,-0.4990,-0.3776
9,4.0069,-0.4667,-0.3869
9,4.0069,-0.4337,-0.3956
9,4.0069,-0.4001,-0.4036
9,4.0069,-0.3658,-0.4110
9,4.0069,-0.3309,-0.4177
9,4.0069,-0.2954,-0.4237
9,4.0069,-0.2595,-0.4291
9,4.0069,-0.2232,-0.4338
9,4.0069,-0.1866,-0.4378
9,4.0069,-0.1496,-0.4411
9,4.0069,-0.1124,-0.4437
9,4.0069,-0.0750,-0.4456
9,4.0069,-0.0376,-0.4467
9,4.0069,-0.0000,-0.4472
9,4.0069,0.0376,-0.4467
9,4.0069,0.0750,-0.4456
9,4.0069,0.1124,-0.4437
9,4.0069,0.1496,-0.4411
9,4.0069,0.1866,-0.4378
9,4.0069,0.2232,-0.4338
9,4.0069,0.2595,-0.4291
9,4.0069,0.2954,-0.4237
9,4.0069,0.3309,-0.4177
9,4.0069,0.3658,-0.4110
9,4.0069,0.4001,-0.4036
9,4.0069,0.4337,-0.3956
9,4.0069,0.4667,-0.3869
9,4.0069,0.4990,-0.3776
9,4.0069,0.5304,-0.3678
9,4.0069,0.5610,-0.3573
9,4.0069,0.5907,-0.3463
9,4.0069,0.6195,-0.3347
9,4.0069,0.6473,-0.3226
9,4.0069,0.6738,-0.3099
9,4.0069,0.6989,-0.2966
9,4.0069,0.7229,-0.2828
9,4.0069,0.7458,-0.2686
9,4.0069,0.7675,-0.2540
9,4.0069,0.7879,-0.2389
9,4.0069,0.8071,-0.2235
9,4.0069,0.8250,-0.2077
9,4.0069,0.8416,-0.1916
9,4.0069,0.8569,-0.1751
9,4.0069,0.8708,-0.1584
9,4.0069,0.8833,-0.1415
9,4.0069,0.8944,-0.1243
9,4.0069,0.9040,-0.1069
9,4.0069,0.9123,-0.0893
9,4.0069,0.9190,-0.0716
9,4.0069,0.9243,-0.0538
9,4.0069,0.9282,-0.0359
9,4.0069,0.9305,-0.0180
9,4.0069,0.9314,-0.0000
9,4.0069,0.9376,0.0604
9,4.0069,0.9439,0.1207
9,4.0069,0.9502,0.1811
9,4.0069,0.9565,0.2414
9,4.0069,0.9627,0.3018
9,4.0069,0.9690,0.3621
9,4.0069,0.9753,0.4225
9,4.0069,0.9816,0.4829
9,4.0069,0.9879,0.5432
9,4.0069,0.9941,0.6036
9,4.0069,1.0004,0.6639
9,4.0069,1.0067,0.7243
10,4.7500,-1.1179,0.7015
10,4.7500,-1.1122,0.6430
10,4.7500,-1.1066,0.5845
10,4.7500,-1.1009,0.5261
10,4.7500,-1.0952,0.4676
10,4.7500,-1.0896,0.4092
10,4.7500,-1.0839,0.3507
10,4.7500,-1.0783,0.2923
10,4.7500,-1.0726,0.2338
10,4.7500,-1.0670,0.1754
10,4.7500,-1.0613,0.1169
10,4.7500,-1.0557,0.0585
10,4.7500,-1.0500,-0.0000
10,4.7500,-1.0490,-0.0186
10,4.7500,-1.0463,-0.0372
10,4.7500,-1.0420,-0.0557
10,4.7500,-1.0360,-0.0741
10,4.7500,-1.0284,-0.0924
10,4.7500,-1.0191,-0.1106
10,4.7500,-1.0082,-0.1286
10,4.7500,-0.9958,-0.1464
10,4.7500,-0.9817,-0.1639
10,4.7500,-0.9660,-0.1812
10,4.7500,-0.9489,-0.1982
10,4.7500,-0.9302,-0.2149
10,4.7500,-0.9100,-0.2312
10,4.7500,-0.8884,-0.2472
10,4.7500,-0.8654,-0.2628
10,4.7500,-0.8410,-0.2780
10,4.7500,-0.8153,-0.2927
10,4.7500,-0.7883,-0.3070
10,4.7500,-0.7600,-0.3207
10,4.7500,-0.7302,-0.3339
10,4.7500,-0.6988,-0.3464
10,4.7500,-0.6663,-0.3583
10,4.7500,-0.6328,-0.3697
10,4.7500,-0.5983,-0.3805
10,4.7500,-0.5628,-0.3906
10,4.7500,-0.5264,-0.4002
10,4.7500,-0.4892,-0.4091
10,4.7500,-0.4512,-0.4174
10,4.7500,-0.4125,-0.4250
10,4.7500,-0.3731,-0.4319
10,4.7500,-0.3332,-0.4381
10,4.7500,-0.2927,-0.4437
10,4.7500,-0.2517,-0.4485
10,4.7500,-0.2104,-0.4527
10,4.7500,-0.1687,-0.4561
10,4.7500,-0.1268,-0.4587
10,4.7500,-0.0846,-0.4607
10,4.7500,-0.0423,-0.4619
10,4.7500,-0.0000,-0.4624
10,4.7500,0.0423,-0.4619
10,4.7500,0.0846,-0.4607
10,4.7500,0.1268,-0.4587
10,4.7500,0.1687,-0.4561
10,4.7500,0.2104,-0.4527
10,4.7500,0.2517,-0.4485
10,4.7500,0.2927,-0.4437
10,4.7500,0.3332,-0.4381
10,4.7500,0.3731,-0.4319
10,4.7500,0.4125,-0.4250
10,4.7500,0.4512,-0.4174
10,4.7500,0.4892,-0.4091
10,4.7500,0.5264,-0.4002
10,4.7500,0.5628,-0.3906
10,4.7500,0.5983,-0.3805
10,4.7500,0.6328,-0.3697
10,4.7500,0.6663,-0.3583
10,4.7500,0.6988,-0.3464
10,4.7500,0.7302,-0.3339
10,4.7500,0.7600,-0.3207
10,4.7500,0.7883,-0.3070
10,4.7500,0.8153,-0.2927
10,4.7500,0.8410,-0.2780
10,4.7500,0.8654,-0.2628
10,4.7500,0.8884,-0.2472
10,4.7500,0.9100,-0.2312
10,4.7500,0.9302,-0.2149
10,4.7500,0.9489,-0.1982
10,4.7500,0.9660,-0.1812
10,4.7500,0.9817,-0.1639
10,4.7500,0.9958,-0.1464
10,4.7500,1.0082,-0.1286
10,4.7500,1.0191,-0.1106
10,4.7500,1.0284,-0.0924
10,4.7500,1.0360,-0.0741
10,4.7500,1.0420,-0.0557
10,4.7500,1.0463,-0.0372
10,4.7500,1.0490,-0.0186
10,4.7500,1.0500,-0.0000
10,4.7500,1.0557,0.0585
10,4.7500,1.0613,0.1169
10,4.7500,1.0670,0.1754
10,4.7500,1.0726,0.2338
10,4.7500,1.0783,0.2923
10,4.7500,1.0839,0.3507
10,4.7500,1.0896,0.4092
10,4.7500,1.0952,0.4676
10,4.7500,1.1009,0.5261
10,4.7500,1.1066,0.5845
10,4.7500,1.1122,0.6430
10,4.7500,1.1179,0.7015
11,5.4931,-1.0660,0.6822
11,5.4931,-1.0610,0.6253
11,5.4931,-1.0559,0.5685
11,5.4931,-1.0509,0.5116
11,5.4931,-1.0458,0.4548
11,5.4931,-1.0408,0.3979
11,5.4931,-1.0358,0.3411
11,5.4931,-1.0307,0.2842
11,5.4931,-1.0257,0.2274
11,5.4931,-1.0207,0.1705
11,5.4931,-1.0156,0.1137
11,5.4931,-1.0106,0.0568
11,5.4931,-1.0056,-0.0000
11,5.4931,-1.0046,-0.0190
11,5.4931,-1.0020,-0.0379
11,5.4931,-0.9979,-0.0568
11,5.4931,-0.9921,-0.0757
11,5.4931,-0.9848,-0.0943
11,5.4931,-0.9760,-0.1129
11,5.4931,-0.9655,-0.1312
11,5.4931,-0.9536,-0.1494
11,5.4931,-0.9401,-0.1673
11,5.4931,-0.9252,-0.1850
11,5.4931,-0.9088,-0.2023
11,5.4931,-0.8909,-0.2194
11,5.4931,-0.8716,-0.2361
11,5.4931,-0.8510,-0.2524
11,5.4931,-0.8290,-0.2683
11,5.4931,-0.8057,-0.2838
11,5.4931,-0.7811,-0.2989
11,5.4931,-0.7553,-0.3134
11,5.4931,-0.7283,-0.3275
11,5.4931,-0.6997,-0.3409
11,5.4931,-0.6696,-0.3536
11,5.4931,-0.6385,-0.3657
11,5.4931,-0.6063,-0.3772
11,5.4931,-0.5732,-0.3881
11,5.4931,-0.5392,-0.3985
11,5.4931,-0.5043,-0.4081
11,5.4931,-0.4687,-0.4172
11,5.4931,-0.4323,-0.4256
11,5.4931,-0.3952,-0.4333
11,5.4931,-0.3575,-0.4403
11,5.4931,-0.3192,-0.4466
11,5.4931,-0.2804,-0.4522
11,5.4931,-0.2412,-0.4571
11,5.4931,-0.2016,-0.4613
11,5.4931,-0.1616,-0.4647
11,5.4931,-0.1214,-0.4674
11,5.4931,-0.0811,-0.4694
11,5.4931,-0.0406,-0.4706
11,5.4931,-0.0000,-0.4711
11,5.4931,0.0406,-0.4706
11,5.4931,0.0811,-0.4694
11,5.4931,0.1214,-0.4674
11,5.4931,0.1616,-0.4647
11,5.4931,0.2016,-0.4613
11,5.4931,0.2412,-0.4571
11,5.4931,0.2804,-0.4522
11,5.4931,0.3192,-0.4466
11,5.4931,0.3575,-0.4403
11,5.4931,0.3952,-0.4333
11,5.4931,0.4323,-0.4256
11,5.4931,0.4687,-0.4172
11,5.4931,0.5043,-0.4081
11,5.4931,0.5392,-0.3985
11,5.4931,0.5732,-0.3881
11,5.4931,0.6063,-0.3772
11,5.4931,0.6385,-0.3657
11,5.4931,0.6696,-0.3536
11,5.4931,0.6997,-0.3409
11,5.4931,0.7283,-0.3275
11,5.4931,0.7553,-0.3134
11,5.4931,0.7811,-0.2989
11,5.4931,0.8057,-0.2838
11,5.4931,0.8290,-0.2683
11,5.4931,0.8510,-0.2524
11,5.4931,0.8716,-0.2361
11,5.4931,0.8909,-0.2194
11,5.4931,0.9088,-0.2023
11,5.4931,0.9252,-0.1850
11,5.4931,0.9401,-0.1673
11,5.4931,0.9536,-0.1494
11,5.4931,0.9655,-0.1312
11,5.4931,0.9760,-0.1129
11,5.4931,0.9848,-0.0943
11,5.4931,0.9921,-0.0757
11,5.4931,0.9979,-0.0568
11,5.4931,1.0020,-0.0379
11,5.4931,1.0046,-0.0190
11,5.4931,1.0056,-0.0000
11,5.4931,1.0106,0.0568
11,5.4931,1.0156,0.1137
11,5.4931,1.0207,0.1705
11,5.4931,1.0257,0.2274
11,5.4931,1.0307,0.2842
11,5.4931,1.0358,0.3411
11,5.4931,1.0408,0.3979
11,5.4931,1.0458,0.4548
11,5.4931,1.0509,0.5116
11,5.4931,1.0559,0.5685
11,5.4931,1.0610,0.6253
11,5.4931,1.0660,0.6822
12,6.2178,-0.9550,0.6690
12,6.2178,-0.9506,0.6133
12,6.2178,-0.9461,0.5575
12,6.2178,-0.9417,0.5018
12,6.2178,-0.9372,0.4460
12,6.2178,-0.9328,0.3903
12,6.2178,-0.9284,0.3345
12,6.2178,-0.9239,0.2788
12,6.2178,-0.9195,0.2230
12,6.2178,-0.9150,0.1673
12,6.2178,-0.9106,0.1115
12,6.2178,-0.9061,0.0558
12,6.2178,-0.9017,-0.0000
12,6.2178,-0.9008,-0.0192
12,6.2178,-0.8985,-0.0383
12,6.2178,-0.8947,-0.0574
12,6.2178,-0.8896,-0.0764
12,6.2178,-0.8830,-0.0952
12,6.2178,-0.8751,-0.1139
12,6.2178,-0.8657,-0.1325
12,6.2178,-0.8550,-0.1508
12,6.2178,-0.8430,-0.1689
12,6.2178,-0.8296,-0.1867
12,6.2178,-0.8149,-0.2042
12,6.2178,-0.7989,-0.2214
12,6.2178,-0.7817,-0.2383
12,6.2178,-0.7632,-0.2548
12,6.2178,-0.7435,-0.2709
12,6.2178,-0.7227,-0.2865
12,6.2178,-0.7007,-0.3017
12,6.2178,-0.6776,-0.3165
12,6.2178,-0.6534,-0.3307
12,6.2178,-0.6278,-0.3442
12,6.2178,-0.6008,-0.3569
12,6.2178,-0.5728,-0.3690
12,6.2178,-0.5440,-0.3806
12,6.2178,-0.5142,-0.3915
12,6.2178,-0.4837,-0.4019
12,6.2178,-0.4524,-0.4116
12,6.2178,-0.4204,-0.4206
12,6.2178,-0.3877,-0.4290
12,6.2178,-0.3545,-0.4367
12,6.2178,-0.3206,-0.4438
12,6.2178,-0.2863,-0.4501
12,6.2178,-0.2515,-0.4557
12,6.2178,-0.2163,-0.4606
12,6.2178,-0.1808,-0.4648
12,6.2178,-0.1450,-0.4682
12,6.2178,-0.1089,-0.4709
12,6.2178,-0.0727,-0.4729
12,6.2178,-0.0364,-0.4741
12,6.2178,-0.0000,-0.4745
12,6.2178,0.0364,-0.4741
12,6.2178,0.0727,-0.4729
12,6.2178,0.1089,-0.4709
12,6.2178,0.1450,-0.4682
12,6.2178,0.1808,-0.4648
12,6.2178,0.2163,-0.4606
12,6.2178,0.2515,-0.4557
12,6.2178,0.2863,-0.4501
12,6.2178,0.3206,-0.4438
12,6.2178,0.3545,-0.4367
12,6.2178,0.3877,-0.4290
12,6.2178,0.4204,-0.4206
12,6.2178,0.4524,-0.4116
12,6.2178,0.4837,-0.4019
12,6.2178,0.5142,-0.3915
12,6.2178,0.5440,-0.3806
12,6.2178,0.5728,-0.3690
12,6.2178,0.6008,-0.3569
12,6.2178,0.6278,-0.3442
12,6.2178,0.6534,-0.3307
12,6.2178,0.6776,-0.3165
12,6.2178,0.7007,-0.3017
12,6.2178,0.7227,-0.2865
12,6.2178,0.7435,-0.2709
12,6.2178,0.7632,-0.2548
12,6.2178,0.7817,-0.2383
12,6.2178,0.7989,-0.2214
12,6.2178,0.8149,-0.2042
12,6.2178,0.8296,-0.1867
12,6.2178,0.8430,-0.1689
12,6.2178,0.8550,-0.1508
12,6.2178,0.8657,-0.1325
12,6.2178,0.8751,-0.1139
12,6.2178,0.8830,-0.0952
12,6.2178,0.8896,-0.0764
12,6.2178,0.8947,-0.0574
12,6.2178,0.8985,-0.0383
12,6.2178,0.9008,-0.0192
12,6.2178,0.9017,-0.0000
12,6.2178,0.9061,0.0558
12,6.2178,0.9106,0.1115
12,6.2178,0.9150,0.1673
12,6.2178,0.9195,0.2230
12,6.2178,0.9239,0.2788
12,6.2178,0.9284,0.3345
12,6.2178,0.9328,0.3903
12,6.2178,0.9372,0.4460
12,6.2178,0.9417,0.5018
12,6.2178,0.9461,0.5575
12,6.2178,0.9506,0.6133
12,6.2178,0.9550,0.6690
13,6.9065,-0.8080,0.6632
13,6.9065,-0.8041,0.6080
13,6.9065,-0.8002,0.5527
13,6.9065,-0.7962,0.4974
13,6.9065,-0.7923,0.4422
13,6.9065,-0.7884,0.3869
13,6.9065,-0.7845,0.3316
13,6.9065,-0.7806,0.2763
13,6.9065,-0.7767,0.2211
13,6.9065,-0.7728,0.1658
13,6.9065,-0.7689,0.1105
13,6.9065,-0.7650,0.0553
13,6.9065,-0.7611,-0.0000
13,6.9065,-0.7603,-0.0192
13,6.9065,-0.7584,-0.0383
13,6.9065,-0.7552,-0.0574
13,6.9065,-0.7508,-0.0764
13,6.9065,-0.7453,-0.0953
13,6.9065,-0.7386,-0.1140
13,6.9065,-0.7307,-0.1326
13,6.9065,-0.7217,-0.1509
13,6.9065,-0.7115,-0.1690
13,6.9065,-0.7003,-0.1869
13,6.9065,-0.6879,-0.2044
13,6.9065,-0.6744,-0.2216
13,6.9065,-0.6599,-0.2385
13,6.9065,-0.6443,-0.2550
13,6.9065,-0.6277,-0.2711
13,6.9065,-0.6102,-0.2868
13,6.9065,-0.5916,-0.3021
13,6.9065,-0.5722,-0.3168
13,6.9065,-0.5518,-0.3311
13,6.9065,-0.5302,-0.3446
13,6.9065,-0.5074,-0.3572
13,6.9065,-0.4838,-0.3692
13,6.9065,-0.4594,-0.3807
13,6.9065,-0.4343,-0.3916
13,6.9065,-0.4085,-0.4019
13,6.9065,-0.3820,-0.4115
13,6.9065,-0.3550,-0.4205
13,6.9065,-0.3274,-0.4289
13,6.9065,-0.2993,-0.4365
13,6.9065,-0.2707,-0.4435
13,6.9065,-0.2417,-0.4498
13,6.9065,-0.2123,-0.4554
13,6.9065,-0.1826,-0.4602
13,6.9065,-0.1526,-0.4644
13,6.9065,-0.1224,-0.4678
13,6.9065,-0.0920,-0.4704
13,6.9065,-0.0614,-0.4723
13,6.9065,-0.0307,-0.4735
13,6.9065,-0.0000,-0.4739
13,6.9065,0.0307,-0.4735
13,6.9065,0.0614,-0.4723
13,6.9065,0.0920,-0.4704
13,6.9065,0.1224,-0.4678
13,6.9065,0.1526,-0.4644
13,6.9065,0.1826,-0.4602
13,6.9065,0.2123,-0.4554
13,6.9065,0.2417,-0.4498
13,6.9065,0.2707,-0.4435
13,6.9065,0.2993,-0.4365
13,6.9065,0.3274,-0.4289
13,6.9065,0.3550,-0.4205
13,6.9065,0.3820,-0.4115
13,6.9065,0.4085,-0.4019
13,6.9065,0.4343,-0.3916
13,6.9065,0.4594,-0.3807
13,6.9065,0.4838,-0.3692
13,6.9065,0.5074,-0.3572
13,6.9065,0.5302,-0.3446
13,6.9065,0.5518,-0.3311
13,6.9065,0.5722,-0.3168
13,6.9065,0.5916,-0.3021
13,6.9065,0.6102,-0.2868
13,6.9065,0.6277,-0.2711
13,6.9065,0.6443,-0.2550
13,6.9065,0.6599,-0.2385
13,6.9065,0.6744,-0.2216
13,6.9065,0.6879,-0.2044
13,6.9065,0.7003,-0.1869
13,6.9065,0.7115,-0.1690
13,6.9065,0.7217,-0.1509
13,6.9065,0.7307,-0.1326
13,6.9065,0.7386,-0.1140
13,6.9065,0.7453,-0.0953
13,6.9065,0.7508,-0.0764
13,6.9065,0.7552,-0.0574
13,6.9065,0.7584,-0.0383
13,6.9065,0.7603,-0.0192
13,6.9065,0.7611,-0.0000
13,6.9065,0.7650,0.0553
13,6.9065,0.7689,0.1105
13,6.9065,0.7728,0.1658
13,6.9065,0.7767,0.2211
13,6.9065,0.7806,0.2763
13,6.9065,0.7845,0.3316
13,6.9065,0.7884,0.3869
13,6.9065,0.7923,0.4422
13,6.9065,0.7962,0.4974
13,6.9065,0.8002,0.5527
13,6.9065,0.8041,0.6080
13,6.9065,0.8080,0.6632
14,7.5420,-0.6497,0.6648
14,7.5420,-0.6462,0.6094
14,7.5420,-0.6428,0.5540
14,7.5420,-0.6394,0.4986
14,7.5420,-0.6360,0.4432
14,7.5420,-0.6325,0.3878
14,7.5420,-0.6291,0.3324
14,7.5420,-0.6257,0.2770
14,7.5420,-0.6222,0.2216
14,7.5420,-0.6188,0.1662
14,7.5420,-0.6154,0.1108
14,7.5420,-0.6120,0.0554
14,7.5420,-0.6085,-0.0000
14,7.5420,-0.6079,-0.0191
14,7.5420,-0.6063,-0.0381
14,7.5420,-0.6038,-0.0571
14,7.5420,-0.6003,-0.0760
14,7.5420,-0.5959,-0.0948
14,7.5420,-0.5905,-0.1134
14,7.5420,-0.5842,-0.1319
14,7.5420,-0.5770,-0.1502
14,7.5420,-0.5689,-0.1682
14,7.5420,-0.5599,-0.1859
14,7.5420,-0.5500,-0.2034
14,7.5420,-0.5393,-0.2205
14,7.5420,-0.5277,-0.2373
14,7.5420,-0.5152,-0.2538
14,7.5420,-0.5020,-0.2698
14,7.5420,-0.4880,-0.2854
14,7.5420,-0.4732,-0.3006
14,7.5420,-0.4577,-0.3153
14,7.5420,-0.4414,-0.3296
14,7.5420,-0.4242,-0.3429
14,7.5420,-0.4059,-0.3554
14,7.5420,-0.3870,-0.3673
14,7.5420,-0.3674,-0.3787
14,7.5420,-0.3473,-0.3895
14,7.5420,-0.3267,-0.3996
14,7.5420,-0.3056,-0.4092
14,7.5420,-0.2839,-0.4181
14,7.5420,-0.2619,-0.4263
14,7.5420,-0.2394,-0.4339
14,7.5420,-0.2165,-0.4408
14,7.5420,-0.1933,-0.4470
14,7.5420,-0.1698,-0.4525
14,7.5420,-0.1461,-0.4573
14,7.5420,-0.1221,-0.4613
14,7.5420,-0.0979,-0.4647
14,7.5420,-0.0735,-0.4673
14,7.5420,-0.0491,-0.4692
14,7.5420,-0.0246,-0.4703
14,7.5420,-0.0000,-0.4707
14,7.5420,0.0246,-0.4703
14,7.5420,0.0491,-0.4692
14,7.5420,0.0735,-0.4673
14,7.5420,0.0979,-0.4647
14,7.5420,0.1221,-0.4613
14,7.5420,0.1461,-0.4573
14,7.5420,0.1698,-0.4525
14,7.5420,0.1933,-0.4470
14,7.5420,0.2165,-0.4408
14,7.5420,0.2394,-0.4339
14,7.5420,0.2619,-0.4263
14,7.5420,0.2839,-0.4181
14,7.5420,0.3056,-0.4092
14,7.5420,0.3267,-0.3996
14,7.5420,0.3473,-0.3895
14,7.5420,0.3674,-0.3787
14,7.5420,0.3870,-0.3673
14,7.5420,0.4059,-0.3554
14,7.5420,0.4242,-0.3429
14,7.5420,0.4414,-0.3296
14,7.5420,0.4577,-0.3153
14,7.5420,0.4732,-0.3006
14,7.5420,0.4880,-0.2854
14,7.5420,0.5020,-0.2698
14,7.5420,0.5152,-0.2538
14,7.5420,0.5277,-0.2373
14,7.5420,0.5393,-0.2205
14,7.5420,0.5500,-0.2034
14,7.5420,0.5599,-0.1859
14,7.5420,0.5689,-0.1682
14,7.5420,0.5770,-0.1502
14,7.5420,0.5842,-0.1319
14,7.5420,0.5905,-0.1134
14,7.5420,0.5959,-0.0948
14,7.5420,0.6003,-0.0760
14,7.5420,0.6038,-0.0571
14,7.5420,0.6063,-0.0381
14,7.5420,0.6079,-0.0191
14,7.5420,0.6085,-0.0000
14,7.5420,0.6120,0.0554
14,7.5420,0.6154,0.1108
14,7.5420,0.6188,0.1662
14,7.5420,0.6222,0.2216
14,7.5420,0.6257,0.2770
14,7.5420,0.6291,0.3324
14,7.5420,0.6325,0.3878
14,7.5420,0.6360,0.4432
14,7.5420,0.6394,0.4986
14,7.5420,0.6428,0.5540
14,7.5420,0.6462,0.6094
14,7.5420,0.6497,0.6648
15,8.1088,-0.5035,0.6724
15,8.1088,-0.5004,0.6164
15,8.1088,-0.4974,0.5604
15,8.1088,-0.4944,0.5043
15,8.1088,-0.4914,0.4483
15,8.1088,-0.4884,0.3923
15,8.1088,-0.4854,0.3362
15,8.1088,-0.4823,0.2802
15,8.1088,-0.4793,0.2241
15,8.1088,-0.4763,0.1681
15,8.1088,-0.4733,0.1121
15,8.1088,-0.4703,0.0560
15,8.1088,-0.4673,-0.0000
15,8.1088,-0.4668,-0.0189
15,8.1088,-0.4655,-0.0378
15,8.1088,-0.4636,-0.0566
15,8.1088,-0.4609,-0.0754
15,8.1088,-0.4575,-0.0940
15,8.1088,-0.4534,-0.1125
15,8.1088,-0.4486,-0.1308
15,8.1088,-0.4430,-0.1489
15,8.1088,-0.4368,-0.1668
15,8.1088,-0.4299,-0.1844
15,8.1088,-0.4223,-0.2017
15,8.1088,-0.4141,-0.2187
15,8.1088,-0.4052,-0.2354
15,8.1088,-0.3957,-0.2517
15,8.1088,-0.3855,-0.2676
15,8.1088,-0.3748,-0.2831
15,8.1088,-0.3634,-0.2982
15,8.1088,-0.3515,-0.3128
15,8.1088,-0.3391,-0.3269
15,8.1088,-0.3258,-0.3401
15,8.1088,-0.3118,-0.3524
15,8.1088,-0.2972,-0.3642
15,8.1088,-0.2822,-0.3754
15,8.1088,-0.2668,-0.3860
15,8.1088,-0.2509,-0.3961
15,8.1088,-0.2347,-0.4055
15,8.1088,-0.2181,-0.4142
15,8.1088,-0.2011,-0.4224
15,8.1088,-0.1838,-0.4298
15,8.1088,-0.1663,-0.4366
15,8.1088,-0.1485,-0.4428
15,8.1088,-0.1304,-0.4482
15,8.1088,-0.1122,-0.4529
15,8.1088,-0.0937,-0.4569
15,8.1088,-0.0752,-0.4602
15,8.1088,-0.0565,-0.4628
15,8.1088,-0.0377,-0.4646
15,8.1088,-0.0189,-0.4657
15,8.1088,-0.0000,-0.4661
15,8.1088,0.0189,-0.4657
15,8.1088,0.0377,-0.4646
15,8.1088,0.0565,-0.4628
15,8.1088,0.0752,-0.4602
15,8.1088,0.0937,-0.4569
15,8.1088,0.1122,-0.4529
15,8.1088,0.1304,-0.4482
15,8.1088,0.1485,-0.4428
15,8.1088,0.1663,-0.4366
15,8.1088,0.1838,-0.4298
15,8.1088,0.2011,-0.4224
15,8.1088,0.2181,-0.4142
15,8.1088,0.2347,-0.4055
15,8.1088,0.2509,-0.3961
15,8.1088,0.2668,-0.3860
15,8.1088,0.2822,-0.3754
15,8.1088,0.2972,-0.3642
15,8.1088,0.3118,-0.3524
15,8.1088,0.3258,-0.3401
15,8.1088,0.3391,-0.3269
15,8.1088,0.3515,-0.3128
15,8.1088,0.3634,-0.2982
15,8.1088,0.3748,-0.2831
15,8.1088,0.3855,-0.2676
15,8.1088,0.3957,-0.2517
15,8.1088,0.4052,-0.2354
15,8.1088,0.4141,-0.2187
15,8.1088,0.4223,-0.2017
15,8.1088,0.4299,-0.1844
15,8.1088,0.4368,-0.1668
15,8.1088,0.4430,-0.1489
15,8.1088,0.4486,-0.1308
15,8.1088,0.4534,-0.1125
15,8.1088,0.4575,-0.0940
15,8.1088,0.4609,-0.0754
15,8.1088,0.4636,-0.0566
15,8.1088,0.4655,-0.0378
15,8.1088,0.4668,-0.0189
15,8.1088,0.4673,-0.0000
15,8.1088,0.4703,0.0560
15,8.1088,0.4733,0.1121
15,8.1088,0.4763,0.1681
15,8.1088,0.4793,0.2241
15,8.1088,0.4823,0.2802
15,8.1088,0.4854,0.3362
15,8.1088,0.4884,0.3923
15,8.1088,0.4914,0.4483
15,8.1088,0.4944,0.5043
15,8.1088,0.4974,0.5604
15,8.1088,0.5004,0.6164
15,8.1088,0.5035,0.6724
16,8.5928,-0.3874,0.6841
16,8.5928,-0.3847,0.6271
16,8.5928,-0.3820,0.5701
16,8.5928,-0.3794,0.5131
16,8.5928,-0.3767,0.4561
16,8.5928,-0.3740,0.3991
16,8.5928,-0.3713,0.3421
16,8.5928,-0.3687,0.2851
16,8.5928,-0.3660,0.2280
16,8.5928,-0.3633,0.1710
16,8.5928,-0.3606,0.1140
16,8.5928,-0.3580,0.0570
16,8.5928,-0.3553,-0.0000
16,8.5928,-0.3549,-0.0187
16,8.5928,-0.3540,-0.0374
16,8.5928,-0.3525,-0.0561
16,8.5928,-0.3505,-0.0746
16,8.5928,-0.3479,-0.0931
16,8.5928,-0.3447,-0.1114
16,8.5928,-0.3411,-0.1295
16,8.5928,-0.3369,-0.1475
16,8.5928,-0.3321,-0.1652
16,8.5928,-0.3269,-0.1826
16,8.5928,-0.3211,-0.1998
16,8.5928,-0.3149,-0.2166
16,8.5928,-0.3081,-0.2331
16,8.5928,-0.3009,-0.2493
16,8.5928,-0.2932,-0.2651
16,8.5928,-0.2850,-0.2804
16,8.5928,-0.2764,-0.2953
16,8.5928,-0.2674,-0.3098
16,8.5928,-0.2579,-0.3238
16,8.5928,-0.2479,-0.3369
16,8.5928,-0.2372,-0.3491
16,8.5928,-0.2261,-0.3607
16,8.5928,-0.2147,-0.3717
16,8.5928,-0.2029,-0.3822
16,8.5928,-0.1909,-0.3921
16,8.5928,-0.1785,-0.4014
16,8.5928,-0.1659,-0.4100
16,8.5928,-0.1530,-0.4180
16,8.5928,-0.1398,-0.4254
16,8.5928,-0.1265,-0.4321
16,8.5928,-0.1129,-0.4381
16,8.5928,-0.0992,-0.4435
16,8.5928,-0.0853,-0.4481
16,8.5928,-0.0713,-0.4521
16,8.5928,-0.0572,-0.4553
16,8.5928,-0.0430,-0.4579
16,8.5928,-0.0287,-0.4597
16,8.5928,-0.0143,-0.4608
16,8.5928,-0.0000,-0.4612
16,8.5928,0.0143,-0.4608
16,8.5928,0.0287,-0.4597
16,8.5928,0.0430,-0.4579
16,8.5928,0.0572,-0.4553
16,8.5928,0.0713,-0.4521
16,8.5928,0.0853,-0.4481
16,8.5928,0.0992,-0.4435
16,8.5928,0.1129,-0.4381
16,8.5928,0.1265,-0.4321
16,8.5928,0.1398,-0.4254
16,8.5928,0.1530,-0.4180
16,8.5928,0.1659,-0.4100
16,8.5928,0.1785,-0.4014
16,8.5928,0.1909,-0.3921
16,8.5928,0.2029,-0.3822
16,8.5928,0.2147,-0.3717
16,8.5928,0.2261,-0.3607
16,8.5928,0.2372,-0.3491
16,8.5928,0.2479,-0.3369
16,8.5928,0.2579,-0.3238
16,8.5928,0.2674,-0.3098
16,8.5928,0.2764,-0.2953
16,8.5928,0.2850,-0.2804
16,8.5928,0.2932,-0.2651
16,8.5928,0.3009,-0.2493
16,8.5928,0.3081,-0.2331
16,8.5928,0.3149,-0.2166
16,8.5928,0.3211,-0.1998
16,8.5928,0.3269,-0.1826
16,8.5928,0.3321,-0.1652
16,8.5928,0.3369,-0.1475
16,8.5928,0.3411,-0.1295
16,8.5928,0.3447,-0.1114
16,8.5928,0.3479,-0.0931
16,8.5928,0.3505,-0.0746
16,8.5928,0.3525,-0.0561
16,8.5928,0.3540,-0.0374
16,8.5928,0.3549,-0.0187
16,8.5928,0.3553,-0.0000
16,8.5928,0.3580,0.0570
16,8.5928,0.3606,0.1140
16,8.5928,0.3633,0.1710
16,8.5928,0.3660,0.2280
16,8.5928,0.3687,0.2851
16,8.5928,0.3713,0.3421
16,8.5928,0.3740,0.3991
16,8.5928,0.3767,0.4561
16,8.5928,0.3794,0.5131
16,8.5928,0.3820,0.5701
16,8.5928,0.3847,0.6271
16,8.5928,0.3874,0.6841
17,8.9823,-0.3106,0.6972
17,8.9823,-0.3082,0.6391
17,8.9823,-0.3058,0.5810
17,8.9823,-0.3034,0.5229
17,8.9823,-0.3010,0.4648
17,8.9823,-0.2986,0.4067
17,8.9823,-0.2962,0.3486
17,8.9823,-0.2938,0.2905
17,8.9823,-0.2914,0.2324
17,8.9823,-0.2890,0.1743
17,8.9823,-0.2866,0.1162
17,8.9823,-0.2842,0.0581
17,8.9823,-0.2818,-0.0000
17,8.9823,-0.2815,-0.0186
17,8.9823,-0.2808,-0.0371
17,8.9823,-0.2796,-0.0556
17,8.9823,-0.2780,-0.0740
17,8.9823,-0.2759,-0.0922
17,8.9823,-0.2734,-0.1104
17,8.9823,-0.2705,-0.1283
17,8.9823,-0.2672,-0.1461
17,8.9823,-0.2634,-0.1636
17,8.9823,-0.2593,-0.1809
17,8.9823,-0.2547,-0.1979
17,8.9823,-0.2498,-0.2146
17,8.9823,-0.2444,-0.2310
17,8.9823,-0.2387,-0.2470
17,8.9823,-0.2326,-0.2627
17,8.9823,-0.2261,-0.2779
17,8.9823,-0.2193,-0.2927
17,8.9823,-0.2121,-0.3070
17,8.9823,-0.2046,-0.3209
17,8.9823,-0.1967,-0.3339
17,8.9823,-0.1882,-0.3459
17,8.9823,-0.1794,-0.3574
17,8.9823,-0.1703,-0.3683
17,8.9823,-0.1610,-0.3786
17,8.9823,-0.1514,-0.3884
17,8.9823,-0.1416,-0.3976
17,8.9823,-0.1316,-0.4061
17,8.9823,-0.1213,-0.4140
17,8.9823,-0.1109,-0.4213
17,8.9823,-0.1003,-0.4279
17,8.9823,-0.0896,-0.4339
17,8.9823,-0.0787,-0.4392
17,8.9823,-0.0677,-0.4438
17,8.9823,-0.0566,-0.4477
17,8.9823,-0.0454,-0.4509
17,8.9823,-0.0341,-0.4534
17,8.9823,-0.0227,-0.4552
17,8.9823,-0.0114,-0.4562
17,8.9823,-0.0000,-0.4566
17,8.9823,0.0114,-0.4562
17,8.9823,0.0227,-0.4552
17,8.9823,0.0341,-0.4534
17,8.9823,0.0454,-0.4509
17,8.9823,0.0566,-0.4477
17,8.9823,0.0677,-0.4438
17,8.9823,0.0787,-0.4392
17,8.9823,0.0896,-0.4339
17,8.9823,0.1003,-0.4279
17,8.9823,0.1109,-0.4213
17,8.9823,0.1213,-0.4140
17,8.9823,0.1316,-0.4061
17,8.9823,0.1416,-0.3976
17,8.9823,0.1514,-0.3884
17,8.9823,0.1610,-0.3786
17,8.9823,0.1703,-0.3683
17,8.9823,0.1794,-0.3574
17,8.9823,0.1882,-0.3459
17,8.9823,0.1967,-0.3339
17,8.9823,0.2046,-0.3209
17,8.9823,0.2121,-0.3070
17,8.9823,0.2193,-0.2927
17,8.9823,0.2261,-0.2779
17,8.9823,0.2326,-0.2627
17,8.9823,0.2387,-0.2470
17,8.9823,0.2444,-0.2310
17,8.9823,0.2498,-0.2146
17,8.9823,0.2547,-0.1979
17,8.9823,0.2593,-0.1809
17,8.9823,0.2634,-0.1636
17,8.9823,0.2672,-0.1461
17,8.9823,0.2705,-0.1283
17,8.9823,0.2734,-0.1104
17,8.9823,0.2759,-0.0922
17,8.9823,0.2780,-0.0740
17,8.9823,0.2796,-0.0556
17,8.9823,0.2808,-0.0371
17,8.9823,0.2815,-0.0186
17,8.9823,0.2818,-0.0000
17,8.9823,0.2842,0.0581
17,8.9823,0.2866,0.1162
17,8.9823,0.2890,0.1743
17,8.9823,0.2914,0.2324
17,8.9823,0.2938,0.2905
17,8.9823,0.2962,0.3486
17,8.9823,0.2986,0.4067
17,8.9823,0.3010,0.4648
17,8.9823,0.3034,0.5229
17,8.9823,0.3058,0.5810
17,8.9823,0.3082,0.6391
17,8.9823,0.3106,0.6972
18,9.2675,-0.2714,0.7090
18,9.2675,-0.2692,0.6499
18,9.2675,-0.2670,0.5908
18,9.2675,-0.2648,0.5317
18,9.2675,-0.2626,0.4727
18,9.2675,-0.2604,0.4136
18,9.2675,-0.2582,0.3545
18,9.2675,-0.2560,0.2954
18,9.2675,-0.2538,0.2363
18,9.2675,-0.2516,0.1772
18,9.2675,-0.2494,0.1182
18,9.2675,-0.2472,0.0591
18,9.2675,-0.2450,-0.0000
18,9.2675,-0.2447,-0.0184
18,9.2675,-0.2440,-0.0368
18,9.2675,-0.2430,-0.0552
18,9.2675,-0.2416,-0.0734
18,9.2675,-0.2398,-0.0916
18,9.2675,-0.2377,-0.1096
18,9.2675,-0.2351,-0.1274
18,9.2675,-0.2323,-0.1450
18,9.2675,-0.2290,-0.1624
18,9.2675,-0.2254,-0.1796
18,9.2675,-0.2214,-0.1965
18,9.2675,-0.2171,-0.2131
18,9.2675,-0.2125,-0.2293
18,9.2675,-0.2075,-0.2452
18,9.2675,-0.2022,-0.2607
18,9.2675,-0.1966,-0.2759
18,9.2675,-0.1906,-0.2906
18,9.2675,-0.1844,-0.3048
18,9.2675,-0.1779,-0.3186
18,9.2675,-0.1710,-0.3314
18,9.2675,-0.1636,-0.3433
18,9.2675,-0.1560,-0.3547
18,9.2675,-0.1481,-0.3655
18,9.2675,-0.1400,-0.3758
18,9.2675,-0.1316,-0.3855
18,9.2675,-0.1231,-0.3946
18,9.2675,-0.1144,-0.4030
18,9.2675,-0.1055,-0.4109
18,9.2675,-0.0964,-0.4181
18,9.2675,-0.0872,-0.4246
18,9.2675,-0.0779,-0.4305
18,9.2675,-0.0684,-0.4358
18,9.2675,-0.0588,-0.4403
18,9.2675,-0.0492,-0.4442
18,9.2675,-0.0394,-0.4473
18,9.2675,-0.0296,-0.4498
18,9.2675,-0.0198,-0.4516
18,9.2675,-0.0099,-0.4527
18,9.2675,-0.0000,-0.4530
18,9.2675,0.0099,-0.4527
18,9.2675,0.0198,-0.4516
18,9.2675,0.0296,-0.4498
18,9.2675,0.0394,-0.4473
18,9.2675,0.0492,-0.4442
18,9.2675,0.0588,-0.4403
18,9.2675,0.0684,-0.4358
18,9.2675,0.0779,-0.4305
18,9.2675,0.0872,-0.4246
18,9.2675,0.0964,-0.4181
18,9.2675,0.1055,-0.4109
18,9.2675,0.1144,-0.4030
18,9.2675,0.1231,-0.3946
18,9.2675,0.1316,-0.3855
18,9.2675,0.1400,-0.3758
18,9.2675,0.1481,-0.3655
18,9.2675,0.1560,-0.3547
18,9.2675,0.1636,-0.3433
18,9.2675,0.1710,-0.3314
18,9.2675,0.1779,-0.3186
18,9.2675,0.1844,-0.3048
18,9.2675,0.1906,-0.2906
18,9.2675,0.1966,-0.2759
18,9.2675,0.2022,-0.2607
18,9.2675,0.2075,-0.2452
18,9.2675,0.2125,-0.2293
18,9.2675,0.2171,-0.2131
18,9.2675,0.2214,-0.1965
18,9.2675,0.2254,-0.1796
18,9.2675,0.2290,-0.1624
18,9.2675,0.2323,-0.1450
18,9.2675,0.2351,-0.1274
18,9.2675,0.2377,-0.1096
18,9.2675,0.2398,-0.0916
18,9.2675,0.2416,-0.0734
18,9.2675,0.2430,-0.0552
18,9.2675,0.2440,-0.0368
18,9.2675,0.2447,-0.0184
18,9.2675,0.2450,-0.0000
18,9.2675,0.2472,0.0591
18,9.2675,0.2494,0.1182
18,9.2675,0.2516,0.1772
18,9.2675,0.2538,0.2363
18,9.2675,0.2560,0.2954
18,9.2675,0.2582,0.3545
18,9.2675,0.2604,0.4136
18,9.2675,0.2626,0.4727
18,9.2675,0.2648,0.5317
18,9.2675,0.2670,0.5908
18,9.2675,0.2692,0.6499
18,9.2675,0.2714,0.7090
19,9.4415,-0.2579,0.7171
19,9.4415,-0.2558,0.6574
19,9.4415,-0.2537,0.5976
19,9.4415,-0.2516,0.5378
19,9.4415,-0.2495,0.4781
19,9.4415,-0.2475,0.4183
19,9.4415,-0.2454,0.3586
19,9.4415,-0.2433,0.2988
19,9.4415,-0.2412,0.2390
19,9.4415,-0.2391,0.1793
19,9.4415,-0.2370,0.1195
19,9.4415,-0.2349,0.0598
19,9.4415,-0.2329,-0.0000
19,9.4415,-0.2326,-0.0183
19,9.4415,-0.2320,-0.0366
19,9.4415,-0.2310,-0.0549
19,9.4415,-0.2297,-0.0731
19,9.4415,-0.2280,-0.0911
19,9.4415,-0.2259,-0.1090
19,9.4415,-0.2235,-0.1268
19,9.4415,-0.2208,-0.1443
19,9.4415,-0.2177,-0.1617
19,9.4415,-0.2143,-0.1787
19,9.4415,-0.2105,-0.1956
19,9.4415,-0.2064,-0.2121
19,9.4415,-0.2020,-0.2282
19,9.4415,-0.1972,-0.2441
19,9.4415,-0.1922,-0.2595
19,9.4415,-0.1869,-0.2746
19,9.4415,-0.1813,-0.2892
19,9.4415,-0.1753,-0.3034
19,9.4415,-0.1692,-0.3171
19,9.4415,-0.1626,-0.3299
19,9.4415,-0.1555,-0.3417
19,9.4415,-0.1483,-0.3530
19,9.4415,-0.1408,-0.3638
19,9.4415,-0.1331,-0.3740
19,9.4415,-0.1252,-0.3836
19,9.4415,-0.1170,-0.3926
19,9.4415,-0.1088,-0.4011
19,9.4415,-0.1003,-0.4089
19,9.4415,-0.0917,-0.4160
19,9.4415,-0.0829,-0.4225
19,9.4415,-0.0740,-0.4284
19,9.4415,-0.0650,-0.4336
19,9.4415,-0.0559,-0.4381
19,9.4415,-0.0467,-0.4420
19,9.4415,-0.0375,-0.4451
19,9.4415,-0.0282,-0.4476
19,9.4415,-0.0188,-0.4493
19,9.4415,-0.0094,-0.4504
19,9.4415,-0.0000,-0.4508
19,9.4415,0.0094,-0.4504
19,9.4415,0.0188,-0.4493
19,9.4415,0.0282,-0.4476
19,9.4415,0.0375,-0.4451
19,9.4415,0.0467,-0.4420
19,9.4415,0.0559,-0.4381
19,9.4415,0.0650,-0.4336
19,9.4415,0.0740,-0.4284
19,9.4415,0.0829,-0.4225
19,9.4415,0.0917,-0.4160
19,9.4415,0.1003,-0.4089
19,9.4415,0.1088,-0.4011
19,9.4415,0.1170,-0.3926
19,9.4415,0.1252,-0.3836
19,9.4415,0.1331,-0.3740
19,9.4415,0.1408,-0.3638
19,9.4415,0.1483,-0.3530
19,9.4415,0.1555,-0.3417
19,9.4415,0.1626,-0.3299
19,9.4415,0.1692,-0.3171
19,9.4415,0.1753,-0.3034
19,9.4415,0.1813,-0.2892
19,9.4415,0.1869,-0.2746
19,9.4415,0.1922,-0.2595
19,9.4415,0.1972,-0.2441
19,9.4415,0.2020,-0.2282
19,9.4415,0.2064,-0.2121
19,9.4415,0.2105,-0.1956
19,9.4415,0.2143,-0.1787
19,9.4415,0.2177,-0.1617
19,9.4415,0.2208,-0.1443
19,9.4415,0.2235,-0.1268
19,9.4415,0.2259,-0.1090
19,9.4415,0.2280,-0.0911
19,9.4415,0.2297,-0.0731
19,9.4415,0.2310,-0.0549
19,9.4415,0.2320,-0.0366
19,9.4415,0.2326,-0.0183
19,9.4415,0.2329,-0.0000
19,9.4415,0.2349,0.0598
19,9.4415,0.2370,0.1195
19,9.4415,0.2391,0.1793
19,9.4415,0.2412,0.2390
19,9.4415,0.2433,0.2988
19,9.4415,0.2454,0.3586
19,9.4415,0.2475,0.4183
19,9.4415,0.2495,0.4781
19,9.4415,0.2516,0.5378
19,9.4415,0.2537,0.5976
19,9.4415,0.2558,0.6574
19,9.4415,0.2579,0.7171
20,9.4525,-0.2574,0.7177
20,9.4525,-0.2553,0.6579
20,9.4525,-0.2532,0.5981
20,9.4525,-0.2511,0.5382
20,9.4525,-0.2491,0.4784
20,9.4525,-0.2470,0.4186
20,9.4525,-0.2449,0.3588
20,9.4525,-0.2428,0.2990
20,9.4525,-0.2407,0.2392
20,9.4525,-0.2387,0.1794
20,9.4525,-0.2366,0.1196
20,9.4525,-0.2345,0.0598
20,9.4525,-0.2324,-0.0000
20,9.4525,-0.2322,-0.0183
20,9.4525,-0.2316,-0.0366
20,9.4525,-0.2306,-0.0549
20,9.4525,-0.2293,-0.0730
20,9.4525,-0.2276,-0.0911
20,9.4525,-0.2255,-0.1090
20,9.4525,-0.2231,-0.1267
20,9.4525,-0.2204,-0.1443
20,9.4525,-0.2173,-0.1616
20,9.4525,-0.2139,-0.1787
20,9.4525,-0.2101,-0.1955
20,9.4525,-0.2060,-0.2120
20,9.4525,-0.2016,-0.2282
20,9.4525,-0.1969,-0.2440
20,9.4525,-0.1919,-0.2594
20,9.4525,-0.1865,-0.2745
20,9.4525,-0.1809,-0.2891
20,9.4525,-0.1750,-0.3033
20,9.4525,-0.1689,-0.3170
20,9.4525,-0.1623,-0.3298
20,9.4525,-0.1553,-0.3416
20,9.4525,-0.1480,-0.3529
20,9.4525,-0.1405,-0.3637
20,9.4525,-0.1328,-0.3739
20,9.4525,-0.1249,-0.3835
20,9.4525,-0.1168,-0.3925
20,9.4525,-0.1086,-0.4009
20,9.4525,-0.1001,-0.4087
20,9.4525,-0.0915,-0.4159
20,9.4525,-0.0828,-0.4224
20,9.4525,-0.0739,-0.4283
20,9.4525,-0.0649,-0.4335
20,9.4525,-0.0558,-0.4380
20,9.4525,-0.0467,-0.4418
20,9.4525,-0.0374,-0.4450
20,9.4525,-0.0281,-0.4474
20,9.4525,-0.0188,-0.4492
20,9.4525,-0.0094,-0.4503
20,9.4525,-0.0000,-0.4506
20,9.4525,0.0094,-0.4503
20,9.4525,0.0188,-0.4492
20,9.4525,0.0281,-0.4474
20,9.4525,0.0374,-0.4450
20,9.4525,0.0467,-0.4418
20,9.4525,0.0558,-0.4380
20,9.4525,0.0649,-0.4335
20,9.4525,0.0739,-0.4283
20,9.4525,0.0828,-0.4224
20,9.4525,0.0915,-0.4159
20,9.4525,0.1001,-0.4087
20,9.4525,0.1086,-0.4009
20,9.4525,0.1168,-0.3925
20,9.4525,0.1249,-0.3835
20,9.4525,0.1328,-0.3739
20,9.4525,0.1405,-0.3637
20,9.4525,0.1480,-0.3529
20,9.4525,0.1553,-0.3416
20,9.4525,0.1623,-0.3298
20,9.4525,0.1689,-0.3170
20,9.4525,0.1750,-0.3033
20,9.4525,0.1809,-0.2891
20,9.4525,0.1865,-0.2745
20,9.4525,0.1919,-0.2594
20,9.4525,0.1969,-0.2440
20,9.4525,0.2016,-0.2282
20,9.4525,0.2060,-0.2120
20,9.4525,0.2101,-0.1955
20,9.4525,0.2139,-0.1787
20,9.4525,0.2173,-0.1616
20,9.4525,0.2204,-0.1443
20,9.4525,0.2231,-0.1267
20,9.4525,0.2255,-0.1090
20,9.4525,0.2276,-0.0911
20,9.4525,0.2293,-0.0730
20,9.4525,0.2306,-0.0549
20,9.4525,0.2316,-0.0366
20,9.4525,0.2322,-0.0183
20,9.4525,0.2324,-0.0000
20,9.4525,0.2345,0.0598
20,9.4525,0.2366,0.1196
20,9.4525,0.2387,0.1794
20,9.4525,0.2407,0.2392
20,9.4525,0.2428,0.2990
20,9.4525,0.2449,0.3588
20,9.4525,0.2470,0.4186
20,9.4525,0.2491,0.4784
20,9.4525,0.2511,0.5382
20,9.4525,0.2532,0.5981
20,9.4525,0.2553,0.6579
20,9.4525,0.2574,0.7177
