station,x_cm,y_cm,z_cm
0,0.00,-1.000,24.000
0,0.00,-0.857,20.571
0,0.00,-0.714,17.143
0,0.00,-0.571,13.714
0,0.00,-0.429,10.286
0,0.00,-0.286,6.857
0,0.00,-0.143,3.429
0,0.00,-0.000,-0.000
0,0.00,-0.000,-0.000
0,0.00,-0.000,-0.000
0,0.00,-0.000,-0.000
0,0.00,-0.000,-0.000
0,0.00,-0.000,-0.000
0,0.00,-0.000,-0.000
0,0.00,-0.000,-0.000
0,0.00,-0.000,-0.000
0,0.00,-0.000,-0.000
0,0.00,-0.000,-0.000
0,0.00,-0.000,-0.000
0,0.00,-0.000,-0.000
0,0.00,-0.000,-0.000
0,0.00,-0.000,-0.000
0,0.00,-0.000,-0.000
0,0.00,-0.000,-0.000
0,0.00,-0.000,-0.000
0,0.00,-0.000,-0.000
0,0.00,-0.000,-0.000
0,0.00,-0.000,-0.000
0,0.00,-0.000,-0.000
0,0.00,-0.000,-0.000
0,0.00,-0.000,-0.000
0,0.00,-0.000,-0.000
0,0.00,-0.000,-0.000
0,0.00,-0.000,-0.000
0,0.00,-0.000,-0.000
0,0.00,-0.000,-0.000
0,0.00,-0.000,-0.000
0,0.00,-0.000,-0.000
0,0.00,-0.000,-0.000
0,0.00,-0.000,-0.000
0,0.00,-0.000,-0.000
0,0.00,-0.000,-0.000
0,0.00,-0.000,-0.000
0,0.00,-0.000,-0.000
0,0.00,-0.000,-0.000
0,0.00,-0.000,-0.000
0,0.00,-0.000,-0.000
0,0.00,0.000,-0.000
0,0.00,0.000,-0.000
0,0.00,0.000,-0.000
0,0.00,0.000,-0.000
0,0.00,0.000,-0.000
0,0.00,0.000,-0.000
0,0.00,0.000,-0.000
0,0.00,0.000,-0.000
0,0.00,0.000,-0.000
0,0.00,0.000,-0.000
0,0.00,0.000,-0.000
0,0.00,0.000,-0.000
0,0.00,0.000,-0.000
0,0.00,0.000,-0.000
0,0.00,0.000,-0.000
0,0.00,0.000,-0.000
0,0.00,0.000,-0.000
0,0.00,0.000,-0.000
0,0.00,0.000,-0.000
0,0.00,0.000,-0.000
0,0.00,0.000,-0.000
0,0.00,0.000,-0.000
0,0.00,0.000,-0.000
0,0.00,0.000,-0.000
0,0.00,0.000,-0.000
0,0.00,0.000,-0.000
0,0.00,0.000,-0.000
0,0.00,0.000,-0.000
0,0.00,0.000,-0.000
0,0.00,0.000,-0.000
0,0.00,0.000,-0.000
0,0.00,0.000,-0.000
0,0.00,0.000,-0.000
0,0.00,0.000,-0.000
0,0.00,0.000,-0.000
0,0.00,0.000,-0.000
0,0.00,0.000,-0.000
0,0.00,0.000,-0.000
0,0.00,0.000,-0.000
0,0.00,0.143,3.429
0,0.00,0.286,6.857
0,0.00,0.429,10.286
0,0.00,0.571,13.714
0,0.00,0.714,17.143
0,0.00,0.857,20.571
0,0.00,1.000,24.000
1,16.75,-6.563,22.437
1,16.75,-6.072,19.232
1,16.75,-5.581,16.026
1,16.75,-5.089,12.821
1,16.75,-4.598,9.616
1,16.75,-4.107,6.411
1,16.75,-3.615,3.205
1,16.75,-3.124,-0.000
1,16.75,-3.122,-0.126
1,16.75,-3.114,-0.252
1,16.75,-3.101,-0.377
1,16.75,-3.084,-0.501
1,16.75,-3.061,-0.625
1,16.75,-3.033,-0.748
1,16.75,-3.001,-0.870
1,16.75,-2.963,-0.990
1,16.75,-2.921,-1.109
1,16.75,-2.874,-1.225
1,16.75,-2.823,-1.340
1,16.75,-2.766,-1.453
1,16.75,-2.706,-1.563
1,16.75,-2.640,-1.671
1,16.75,-2.571,-1.776
1,16.75,-2.498,-1.878
1,16.75,-2.420,-1.977
1,16.75,-2.338,-2.073
1,16.75,-2.253,-2.166
1,16.75,-2.164,-2.255
1,16.75,-2.072,-2.340
1,16.75,-1.976,-2.421
1,16.75,-1.877,-2.499
1,16.75,-1.775,-2.573
1,16.75,-1.670,-2.642
1,16.75,-1.562,-2.707
1,16.75,-1.452,-2.768
1,16.75,-1.339,-2.824
1,16.75,-1.225,-2.876
1,16.75,-1.108,-2.923
1,16.75,-0.989,-2.965
1,16.75,-0.869,-3.003
1,16.75,-0.748,-3.035
1,16.75,-0.625,-3.063
1,16.75,-0.501,-3.086
1,16.75,-0.377,-3.103
1,16.75,-0.251,-3.116
1,16.75,-0.126,-3.124
1,16.75,-0.000,-3.126
1,16.75,0.126,-3.124
1,16.75,0.251,-3.116
1,16.75,0.377,-3.103
1,16.75,0.501,-3.086
1,16.75,0.625,-3.063
1,16.75,0.748,-3.035
1,16.75,0.869,-3.003
1,16.75,0.989,-2.965
1,16.75,1.108,-2.923
1,16.75,1.225,-2.876
1,16.75,1.339,-2.824
1,16.75,1.452,-2.768
1,16.75,1.562,-2.707
1,16.75,1.670,-2.642
1,16.75,1.775,-2.573
1,16.75,1.877,-2.499
1,16.75,1.976,-2.421
1,16.75,2.072,-2.340
1,16.75,2.164,-2.255
1,16.75,2.253,-2.166
1,16.75,2.338,-2.073
1,16.75,2.420,-1.977
1,16.75,2.498,-1.878
1,16.75,2.571,-1.776
1,16.75,2.640,-1.671
1,16.75,2.706,-1.563
1,16.75,2.766,-1.453
1,16.75,2.823,-1.340
1,16.75,2.874,-1.225
1,16.75,2.921,-1.109
1,16.75,2.963,-0.990
1,16.75,3.001,-0.870
1,16.75,3.033,-0.748
1,16.75,3.061,-0.625
1,16.75,3.084,-0.501
1,16.75,3.101,-0.377
1,16.75,3.114,-0.252
1,16.75,3.122,-0.126
1,16.75,3.124,-0.000
1,16.75,3.615,3.205
1,16.75,4.107,6.411
1,16.75,4.598,9.616
1,16.75,5.089,12.821
1,16.75,5.581,16.026
1,16.75,6.072,19.232
1,16.75,6.563,22.437
2,33.50,-11.915,20.553
2,33.50,-11.199,17.617
2,33.50,-10.484,14.681
2,33.50,-9.769,11.744
2,33.50,-9.054,8.808
2,33.50,-8.338,5.872
2,33.50,-7.623,2.936
2,33.50,-6.908,-0.000
2,33.50,-6.902,-0.278
2,33.50,-6.885,-0.555
2,33.50,-6.857,-0.831
2,33.50,-6.818,-1.106
2,33.50,-6.768,-1.379
2,33.50,-6.707,-1.650
2,33.50,-6.635,-1.919
2,33.50,-6.552,-2.184
2,33.50,-6.459,-2.445
2,33.50,-6.355,-2.703
2,33.50,-6.241,-2.956
2,33.50,-6.116,-3.205
2,33.50,-5.982,-3.448
2,33.50,-5.838,-3.686
2,33.50,-5.685,-3.918
2,33.50,-5.522,-4.143
2,33.50,-5.351,-4.362
2,33.50,-5.170,-4.573
2,33.50,-4.982,-4.777
2,33.50,-4.785,-4.974
2,33.50,-4.581,-5.162
2,33.50,-4.369,-5.342
2,33.50,-4.150,-5.513
2,33.50,-3.924,-5.676
2,33.50,-3.692,-5.829
2,33.50,-3.454,-5.972
2,33.50,-3.210,-6.106
2,33.50,-2.961,-6.231
2,33.50,-2.708,-6.345
2,33.50,-2.449,-6.448
2,33.50,-2.187,-6.541
2,33.50,-1.922,-6.624
2,33.50,-1.653,-6.696
2,33.50,-1.382,-6.757
2,33.50,-1.108,-6.807
2,33.50,-0.833,-6.846
2,33.50,-0.556,-6.874
2,33.50,-0.278,-6.891
2,33.50,-0.000,-6.896
2,33.50,0.278,-6.891
2,33.50,0.556,-6.874
2,33.50,0.833,-6.846
2,33.50,1.108,-6.807
2,33.50,1.382,-6.757
2,33.50,1.653,-6.696
2,33.50,1.922,-6.624
2,33.50,2.187,-6.541
2,33.50,2.449,-6.448
2,33.50,2.708,-6.345
2,33.50,2.961,-6.231
2,33.50,3.210,-6.106
2,33.50,3.454,-5.972
2,33.50,3.692,-5.829
2,33.50,3.924,-5.676
2,33.50,4.150,-5.513
2,33.50,4.369,-5.342
2,33.50,4.581,-5.162
2,33.50,4.785,-4.974
2,33.50,4.982,-4.777
2,33.50,5.170,-4.573
2,33.50,5.351,-4.362
2,33.50,5.522,-4.143
2,33.50,5.685,-3.918
2,33.50,5.838,-3.686
2,33.50,5.982,-3.448
2,33.50,6.116,-3.205
2,33.50,6.241,-2.956
2,33.50,6.355,-2.703
2,33.50,6.459,-2.445
2,33.50,6.552,-2.184
2,33.50,6.635,-1.919
2,33.50,6.707,-1.650
2,33.50,6.768,-1.379
2,33.50,6.818,-1.106
2,33.50,6.857,-0.831
2,33.50,6.885,-0.555
2,33.50,6.902,-0.278
2,33.50,6.908,-0.000
2,33.50,7.623,2.936
2,33.50,8.338,5.872
2,33.50,9.054,8.808
2,33.50,9.769,11.744
2,33.50,10.484,14.681
2,33.50,11.199,17.617
2,33.50,11.915,20.553
3,50.25,-14.294,19.208
3,50.25,-13.612,16.464
3,50.25,-12.931,13.720
3,50.25,-12.249,10.976
3,50.25,-11.567,8.232
3,50.25,-10.886,5.488
3,50.25,-10.204,2.744
3,50.25,-9.522,-0.000
3,50.25,-9.515,-0.385
3,50.25,-9.491,-0.770
3,50.25,-9.453,-1.154
3,50.25,-9.399,-1.536
3,50.25,-9.330,-1.915
3,50.25,-9.246,-2.291
3,50.25,-9.146,-2.664
3,50.25,-9.032,-3.032
3,50.25,-8.904,-3.395
3,50.25,-8.760,-3.753
3,50.25,-8.603,-4.104
3,50.25,-8.432,-4.449
3,50.25,-8.247,-4.787
3,50.25,-8.048,-5.117
3,50.25,-7.837,-5.438
3,50.25,-7.613,-5.751
3,50.25,-7.376,-6.055
3,50.25,-7.128,-6.349
3,50.25,-6.868,-6.632
3,50.25,-6.596,-6.905
3,50.25,-6.314,-7.166
3,50.25,-6.022,-7.416
3,50.25,-5.720,-7.654
3,50.25,-5.409,-7.879
3,50.25,-5.089,-8.092
3,50.25,-4.761,-8.291
3,50.25,-4.425,-8.477
3,50.25,-4.082,-8.649
3,50.25,-3.732,-8.808
3,50.25,-3.377,-8.952
3,50.25,-3.015,-9.081
3,50.25,-2.649,-9.196
3,50.25,-2.279,-9.296
3,50.25,-1.905,-9.380
3,50.25,-1.527,-9.450
3,50.25,-1.148,-9.504
3,50.25,-0.766,-9.543
3,50.25,-0.383,-9.566
3,50.25,-0.000,-9.574
3,50.25,0.383,-9.566
3,50.25,0.766,-9.543
3,50.25,1.148,-9.504
3,50.25,1.527,-9.450
3,50.25,1.905,-9.380
3,50.25,2.279,-9.296
3,50.25,2.649,-9.196
3,50.25,3.015,-9.081
3,50.25,3.377,-8.952
3,50.25,3.732,-8.808
3,50.25,4.082,-8.649
3,50.25,4.425,-8.477
3,50.25,4.761,-8.291
3,50.25,5.089,-8.092
3,50.25,5.409,-7.879
3,50.25,5.720,-7.654
3,50.25,6.022,-7.416
3,50.25,6.314,-7.166
3,50.25,6.596,-6.905
3,50.25,6.868,-6.632
3,50.25,7.128,-6.349
3,50.25,7.376,-6.055
3,50.25,7.613,-5.751
3,50.25,7.837,-5.438
3,50.25,8.048,-5.117
3,50.25,8.247,-4.787
3,50.25,8.432,-4.449
3,50.25,8.603,-4.104
3,50.25,8.760,-3.753
3,50.25,8.904,-3.395
3,50.25,9.032,-3.032
3,50.25,9.146,-2.664
3,50.25,9.246,-2.291
3,50.25,9.330,-1.915
3,50.25,9.399,-1.536
3,50.25,9.453,-1.154
3,50.25,9.491,-0.770
3,50.25,9.515,-0.385
3,50.25,9.522,-0.000
3,50.25,10.204,2.744
3,50.25,10.886,5.488
3,50.25,11.567,8.232
3,50.25,12.249,10.976
3,50.25,12.931,13.720
3,50.25,13.612,16.464
3,50.25,14.294,19.208
4,67.00,-15.779,18.151
4,67.00,-15.189,15.558
4,67.00,-14.599,12.965
4,67.00,-14.010,10.372
4,67.00,-13.420,7.779
4,67.00,-12.831,5.186
4,67.00,-12.241,2.593
4,67.00,-11.651,-0.000
4,67.00,-11.642,-0.471
4,67.00,-11.613,-0.941
4,67.00,-11.566,-1.409
4,67.00,-11.500,-1.875
4,67.00,-11.416,-2.338
4,67.00,-11.313,-2.798
4,67.00,-11.191,-3.252
4,67.00,-11.052,-3.702
4,67.00,-10.894,-4.145
4,67.00,-10.719,-4.582
4,67.00,-10.526,-5.012
4,67.00,-10.317,-5.433
4,67.00,-10.090,-5.845
4,67.00,-9.848,-6.248
4,67.00,-9.589,-6.641
4,67.00,-9.315,-7.023
4,67.00,-9.025,-7.394
4,67.00,-8.721,-7.752
4,67.00,-8.403,-8.098
4,67.00,-8.071,-8.431
4,67.00,-7.726,-8.750
4,67.00,-7.369,-9.055
4,67.00,-6.999,-9.346
4,67.00,-6.619,-9.621
4,67.00,-6.227,-9.881
4,67.00,-5.826,-10.124
4,67.00,-5.415,-10.351
4,67.00,-4.995,-10.562
4,67.00,-4.567,-10.755
4,67.00,-4.132,-10.931
4,67.00,-3.690,-11.089
4,67.00,-3.242,-11.229
4,67.00,-2.788,-11.351
4,67.00,-2.331,-11.454
4,67.00,-1.869,-11.539
4,67.00,-1.404,-11.605
4,67.00,-0.938,-11.652
4,67.00,-0.469,-11.681
4,67.00,-0.000,-11.690
4,67.00,0.469,-11.681
4,67.00,0.938,-11.652
4,67.00,1.404,-11.605
4,67.00,1.869,-11.539
4,67.00,2.331,-11.454
4,67.00,2.788,-11.351
4,67.00,3.242,-11.229
4,67.00,3.690,-11.089
4,67.00,4.132,-10.931
4,67.00,4.567,-10.755
4,67.00,4.995,-10.562
4,67.00,5.415,-10.351
4,67.00,5.826,-10.124
4,67.00,6.227,-9.881
4,67.00,6.619,-9.621
4,67.00,6.999,-9.346
4,67.00,7.369,-9.055
4,67.00,7.726,-8.750
4,67.00,8.071,-8.431
4,67.00,8.403,-8.098
4,67.00,8.721,-7.752
4,67.00,9.025,-7.394
4,67.00,9.315,-7.023
4,67.00,9.589,-6.641
4,67.00,9.848,-6.248
4,67.00,10.090,-5.845
4,67.00,10.317,-5.433
4,67.00,10.526,-5.012
4,67.00,10.719,-4.582
4,67.00,10.894,-4.145
4,67.00,11.052,-3.702
4,67.00,11.191,-3.252
4,67.00,11.313,-2.798
4,67.00,11.416,-2.338
4,67.00,11.500,-1.875
4,67.00,11.566,-1.409
4,67.00,11.613,-0.941
4,67.00,11.642,-0.471
4,67.00,11.651,-0.000
4,67.00,12.241,2.593
4,67.00,12.831,5.186
4,67.00,13.420,7.779
4,67.00,14.010,10.372
4,67.00,14.599,12.965
4,67.00,15.189,15.558
4,67.00,15.779,18.151
5,83.75,-16.955,17.455
5,83.75,-16.462,14.961
5,83.75,-15.968,12.468
5,83.75,-15.475,9.974
5,83.75,-14.982,7.481
5,83.75,-14.488,4.987
5,83.75,-13.995,2.494
5,83.75,-13.502,-0.000
5,83.75,-13.491,-0.529
5,83.75,-13.458,-1.057
5,83.75,-13.403,-1.584
5,83.75,-13.327,-2.108
5,83.75,-13.229,-2.628
5,83.75,-13.109,-3.144
5,83.75,-12.968,-3.655
5,83.75,-12.807,-4.161
5,83.75,-12.624,-4.659
5,83.75,-12.421,-5.150
5,83.75,-12.198,-5.632
5,83.75,-11.955,-6.106
5,83.75,-11.693,-6.569
5,83.75,-11.411,-7.022
5,83.75,-11.112,-7.464
5,83.75,-10.794,-7.893
5,83.75,-10.458,-8.309
5,83.75,-10.106,-8.712
5,83.75,-9.737,-9.101
5,83.75,-9.353,-9.476
5,83.75,-8.953,-9.834
5,83.75,-8.539,-10.177
5,83.75,-8.111,-10.503
5,83.75,-7.670,-10.813
5,83.75,-7.216,-11.105
5,83.75,-6.751,-11.378
5,83.75,-6.274,-11.634
5,83.75,-5.788,-11.870
5,83.75,-5.292,-12.087
5,83.75,-4.788,-12.285
5,83.75,-4.276,-12.462
5,83.75,-3.756,-12.620
5,83.75,-3.231,-12.757
5,83.75,-2.701,-12.873
5,83.75,-2.166,-12.968
5,83.75,-1.627,-13.043
5,83.75,-1.086,-13.096
5,83.75,-0.544,-13.128
5,83.75,-0.000,-13.139
5,83.75,0.544,-13.128
5,83.75,1.086,-13.096
5,83.75,1.627,-13.043
5,83.75,2.166,-12.968
5,83.75,2.701,-12.873
5,83.75,3.231,-12.757
5,83.75,3.756,-12.620
5,83.75,4.276,-12.462
5,83.75,4.788,-12.285
5,83.75,5.292,-12.087
5,83.75,5.788,-11.870
5,83.75,6.274,-11.634
5,83.75,6.751,-11.378
5,83.75,7.216,-11.105
5,83.75,7.670,-10.813
5,83.75,8.111,-10.503
5,83.75,8.539,-10.177
5,83.75,8.953,-9.834
5,83.75,9.353,-9.476
5,83.75,9.737,-9.101
5,83.75,10.106,-8.712
5,83.75,10.458,-8.309
5,83.75,10.794,-7.893
5,83.75,11.112,-7.464
5,83.75,11.411,-7.022
5,83.75,11.693,-6.569
5,83.75,11.955,-6.106
5,83.75,12.198,-5.632
5,83.75,12.421,-5.150
5,83.75,12.624,-4.659
5,83.75,12.807,-4.161
5,83.75,12.968,-3.655
5,83.75,13.109,-3.144
5,83.75,13.229,-2.628
5,83.75,13.327,-2.108
5,83.75,13.403,-1.584
5,83.75,13.458,-1.057
5,83.75,13.491,-0.529
5,83.75,13.502,-0.000
5,83.75,13.995,2.494
5,83.75,14.488,4.987
5,83.75,14.982,7.481
5,83.75,15.475,9.974
5,83.75,15.968,12.468
5,83.75,16.462,14.961
5,83.75,16.955,17.455
6,100.50,-18.031,16.987
6,100.50,-17.604,14.560
6,100.50,-17.177,12.134
6,100.50,-16.749,9.707
6,100.50,-16.322,7.280
6,100.50,-15.895,4.853
6,100.50,-15.467,2.427
6,100.50,-15.040,-0.000
6,100.50,-15.028,-0.565
6,100.50,-14.991,-1.128
6,100.50,-14.931,-1.690
6,100.50,-14.845,-2.249
6,100.50,-14.736,-2.804
6,100.50,-14.603,-3.355
6,100.50,-14.446,-3.901
6,100.50,-14.266,-4.440
6,100.50,-14.063,-4.972
6,100.50,-13.837,-5.495
6,100.50,-13.588,-6.010
6,100.50,-13.317,-6.515
6,100.50,-13.025,-7.010
6,100.50,-12.712,-7.493
6,100.50,-12.378,-7.964
6,100.50,-12.024,-8.422
6,100.50,-11.650,-8.867
6,100.50,-11.258,-9.297
6,100.50,-10.847,-9.712
6,100.50,-10.419,-10.111
6,100.50,-9.973,-10.494
6,100.50,-9.512,-10.860
6,100.50,-9.035,-11.208
6,100.50,-8.544,-11.538
6,100.50,-8.038,-11.850
6,100.50,-7.520,-12.142
6,100.50,-6.990,-12.414
6,100.50,-6.448,-12.666
6,100.50,-5.895,-12.898
6,100.50,-5.333,-13.109
6,100.50,-4.763,-13.298
6,100.50,-4.184,-13.466
6,100.50,-3.599,-13.613
6,100.50,-3.008,-13.737
6,100.50,-2.413,-13.838
6,100.50,-1.813,-13.918
6,100.50,-1.210,-13.975
6,100.50,-0.606,-14.009
6,100.50,-0.000,-14.020
6,100.50,0.606,-14.009
6,100.50,1.210,-13.975
6,100.50,1.813,-13.918
6,100.50,2.413,-13.838
6,100.50,3.008,-13.737
6,100.50,3.599,-13.613
6,100.50,4.184,-13.466
6,100.50,4.763,-13.298
6,100.50,5.333,-13.109
6,100.50,5.895,-12.898
6,100.50,6.448,-12.666
6,100.50,6.990,-12.414
6,100.50,7.520,-12.142
6,100.50,8.038,-11.850
6,100.50,8.544,-11.538
6,100.50,9.035,-11.208
6,100.50,9.512,-10.860
6,100.50,9.973,-10.494
6,100.50,10.419,-10.111
6,100.50,10.847,-9.712
6,100.50,11.258,-9.297
6,100.50,11.650,-8.867
6,100.50,12.024,-8.422
6,100.50,12.378,-7.964
6,100.50,12.712,-7.493
6,100.50,13.025,-7.010
6,100.50,13.317,-6.515
6,100.50,13.588,-6.010
6,100.50,13.837,-5.495
6,100.50,14.063,-4.972
6,100.50,14.266,-4.440
6,100.50,14.446,-3.901
6,100.50,14.603,-3.355
6,100.50,14.736,-2.804
6,100.50,14.845,-2.249
6,100.50,14.931,-1.690
6,100.50,14.991,-1.128
6,100.50,15.028,-0.565
6,100.50,15.040,-0.000
6,100.50,15.467,2.427
6,100.50,15.895,4.853
6,100.50,16.322,7.280
6,100.50,16.749,9.707
6,100.50,17.177,12.134
6,100.50,17.604,14.560
6,100.50,18.031,16.987
7,117.25,-19.027,16.565
7,117.25,-18.618,14.198
7,117.25,-18.209,11.832
7,117.25,-17.799,9.466
7,117.25,-17.390,7.099
7,117.25,-16.981,4.733
7,117.25,-16.572,2.366
7,117.25,-16.162,-0.000
7,117.25,-16.149,-0.585
7,117.25,-16.110,-1.169
7,117.25,-16.045,-1.752
7,117.25,-15.953,-2.331
7,117.25,-15.836,-2.907
7,117.25,-15.693,-3.478
7,117.25,-15.524,-4.043
7,117.25,-15.331,-4.602
7,117.25,-15.112,-5.154
7,117.25,-14.869,-5.696
7,117.25,-14.602,-6.230
7,117.25,-14.311,-6.754
7,117.25,-13.997,-7.267
7,117.25,-13.660,-7.767
7,117.25,-13.301,-8.256
7,117.25,-12.921,-8.731
7,117.25,-12.519,-9.191
7,117.25,-12.098,-9.637
7,117.25,-11.656,-10.067
7,117.25,-11.196,-10.481
7,117.25,-10.718,-10.878
7,117.25,-10.222,-11.257
7,117.25,-9.709,-11.618
7,117.25,-9.181,-11.960
7,117.25,-8.638,-12.283
7,117.25,-8.081,-12.586
7,117.25,-7.511,-12.868
7,117.25,-6.929,-13.130
7,117.25,-6.335,-13.370
7,117.25,-5.731,-13.589
7,117.25,-5.118,-13.785
7,117.25,-4.497,-13.959
7,117.25,-3.868,-14.111
7,117.25,-3.233,-14.239
7,117.25,-2.593,-14.345
7,117.25,-1.948,-14.427
7,117.25,-1.301,-14.486
7,117.25,-0.651,-14.521
7,117.25,-0.000,-14.533
7,117.25,0.651,-14.521
7,117.25,1.301,-14.486
7,117.25,1.948,-14.427
7,117.25,2.593,-14.345
7,117.25,3.233,-14.239
7,117.25,3.868,-14.111
7,117.25,4.497,-13.959
7,117.25,5.118,-13.785
7,117.25,5.731,-13.589
7,117.25,6.335,-13.370
7,117.25,6.929,-13.130
7,117.25,7.511,-12.868
7,117.25,8.081,-12.586
7,117.25,8.638,-12.283
7,117.25,9.181,-11.960
7,117.25,9.709,-11.618
7,117.25,10.222,-11.257
7,117.25,10.718,-10.878
7,117.25,11.196,-10.481
7,117.25,11.656,-10.067
7,117.25,12.098,-9.637
7,117.25,12.519,-9.191
7,117.25,12.921,-8.731
7,117.25,13.301,-8.256
7,117.25,13.660,-7.767
7,117.25,13.997,-7.267
7,117.25,14.311,-6.754
7,117.25,14.602,-6.230
7,117.25,14.869,-5.696
7,117.25,15.112,-5.154
7,117.25,15.331,-4.602
7,117.25,15.524,-4.043
7,117.25,15.693,-3.478
7,117.25,15.836,-2.907
7,117.25,15.953,-2.331
7,117.25,16.045,-1.752
7,117.25,16.110,-1.169
7,117.25,16.149,-0.585
7,117.25,16.162,-0.000
7,117.25,16.572,2.366
7,117.25,16.981,4.733
7,117.25,17.390,7.099
7,117.25,17.799,9.466
7,117.25,18.209,11.832
7,117.25,18.618,14.198
7,117.25,19.027,16.565
8,134.00,-19.806,16.149
8,134.00,-19.385,13.842
8,134.00,-18.963,11.535
8,134.00,-18.542,9.228
8,134.00,-18.120,6.921
8,134.00,-17.698,4.614
8,134.00,-17.277,2.307
8,134.00,-16.855,-0.000
8,134.00,-16.841,-0.599
8,134.00,-16.800,-1.197
8,134.00,-16.732,-1.793
8,134.00,-16.637,-2.387
8,134.00,-16.514,-2.976
8,134.00,-16.365,-3.561
8,134.00,-16.189,-4.139
8,134.00,-15.988,-4.712
8,134.00,-15.760,-5.276
8,134.00,-15.506,-5.832
8,134.00,-15.228,-6.378
8,134.00,-14.924,-6.914
8,134.00,-14.597,-7.439
8,134.00,-14.246,-7.952
8,134.00,-13.871,-8.452
8,134.00,-13.475,-8.938
8,134.00,-13.056,-9.410
8,134.00,-12.616,-9.866
8,134.00,-12.156,-10.307
8,134.00,-11.676,-10.730
8,134.00,-11.177,-11.137
8,134.00,-10.660,-11.525
8,134.00,-10.125,-11.895
8,134.00,-9.575,-12.245
8,134.00,-9.008,-12.575
8,134.00,-8.427,-12.885
8,134.00,-7.833,-13.174
8,134.00,-7.226,-13.442
8,134.00,-6.607,-13.688
8,134.00,-5.977,-13.912
8,134.00,-5.337,-14.113
8,134.00,-4.689,-14.291
8,134.00,-4.034,-14.446
8,134.00,-3.371,-14.578
8,134.00,-2.704,-14.686
8,134.00,-2.032,-14.770
8,134.00,-1.356,-14.830
8,134.00,-0.679,-14.866
8,134.00,-0.000,-14.879
8,134.00,0.679,-14.866
8,134.00,1.356,-14.830
8,134.00,2.032,-14.770
8,134.00,2.704,-14.686
8,134.00,3.371,-14.578
8,134.00,4.034,-14.446
8,134.00,4.689,-14.291
8,134.00,5.337,-14.113
8,134.00,5.977,-13.912
8,134.00,6.607,-13.688
8,134.00,7.226,-13.442
8,134.00,7.833,-13.174
8,134.00,8.427,-12.885
8,134.00,9.008,-12.575
8,134.00,9.575,-12.245
8,134.00,10.125,-11.895
8,134.00,10.660,-11.525
8,134.00,11.177,-11.137
8,134.00,11.676,-10.730
8,134.00,12.156,-10.307
8,134.00,12.616,-9.866
8,134.00,13.056,-9.410
8,134.00,13.475,-8.938
8,134.00,13.871,-8.452
8,134.00,14.246,-7.952
8,134.00,14.597,-7.439
8,134.00,14.924,-6.914
8,134.00,15.228,-6.378
8,134.00,15.506,-5.832
8,134.00,15.760,-5.276
8,134.00,15.988,-4.712
8,134.00,16.189,-4.139
8,134.00,16.365,-3.561
8,134.00,16.514,-2.976
8,134.00,16.637,-2.387
8,134.00,16.732,-1.793
8,134.00,16.800,-1.197
8,134.00,16.841,-0.599
8,134.00,16.855,-0.000
8,134.00,17.277,2.307
8,134.00,17.698,4.614
8,134.00,18.120,6.921
8,134.00,18.542,9.228
8,134.00,18.963,11.535
8,134.00,19.385,13.842
8,134.00,19.806,16.149
9,150.75,-20.213,15.744
9,150.75,-19.774,13.495
9,150.75,-19.335,11.246
9,150.75,-18.896,8.997
9,150.75,-18.456,6.748
9,150.75,-18.017,4.498
9,150.75,-17.578,2.249
9,150.75,-17.138,-0.000
9,150.75,-17.124,-0.613
9,150.75,-17.083,-1.226
9,150.75,-17.013,-1.836
9,150.75,-16.916,-2.444
9,150.75,-16.792,-3.047
9,150.75,-16.640,-3.646
9,150.75,-16.462,-4.239
9,150.75,-16.256,-4.824
9,150.75,-16.025,-5.402
9,150.75,-15.767,-5.972
9,150.75,-15.484,-6.531
9,150.75,-15.175,-7.080
9,150.75,-14.842,-7.617
9,150.75,-14.485,-8.142
9,150.75,-14.105,-8.654
9,150.75,-13.701,-9.152
9,150.75,-13.275,-9.635
9,150.75,-12.828,-10.103
9,150.75,-12.360,-10.554
9,150.75,-11.872,-10.987
9,150.75,-11.365,-11.403
9,150.75,-10.839,-11.801
9,150.75,-10.296,-12.179
9,150.75,-9.736,-12.538
9,150.75,-9.160,-12.876
9,150.75,-8.569,-13.194
9,150.75,-7.965,-13.490
9,150.75,-7.347,-13.764
9,150.75,-6.718,-14.016
9,150.75,-6.077,-14.245
9,150.75,-5.427,-14.451
9,150.75,-4.768,-14.633
9,150.75,-4.101,-14.792
9,150.75,-3.428,-14.927
9,150.75,-2.749,-15.038
9,150.75,-2.066,-15.124
9,150.75,-1.379,-15.185
9,150.75,-0.690,-15.222
9,150.75,-0.000,-15.235
9,150.75,0.690,-15.222
9,150.75,1.379,-15.185
9,150.75,2.066,-15.124
9,150.75,2.749,-15.038
9,150.75,3.428,-14.927
9,150.75,4.101,-14.792
9,150.75,4.768,-14.633
9,150.75,5.427,-14.451
9,150.75,6.077,-14.245
9,150.75,6.718,-14.016
9,150.75,7.347,-13.764
9,150.75,7.965,-13.490
9,150.75,8.569,-13.194
9,150.75,9.160,-12.876
9,150.75,9.736,-12.538
9,150.75,10.296,-12.179
9,150.75,10.839,-11.801
9,150.75,11.365,-11.403
9,150.75,11.872,-10.987
9,150.75,12.360,-10.554
9,150.75,12.828,-10.103
9,150.75,13.275,-9.635
9,150.75,13.701,-9.152
9,150.75,14.105,-8.654
9,150.75,14.485,-8.142
9,150.75,14.842,-7.617
9,150.75,15.175,-7.080
9,150.75,15.484,-6.531
9,150.75,15.767,-5.972
9,150.75,16.025,-5.402
9,150.75,16.256,-4.824
9,150.75,16.462,-4.239
9,150.75,16.640,-3.646
9,150.75,16.792,-3.047
9,150.75,16.916,-2.444
9,150.75,17.013,-1.836
9,150.75,17.083,-1.226
9,150.75,17.124,-0.613
9,150.75,17.138,-0.000
9,150.75,17.578,2.249
9,150.75,18.017,4.498
9,150.75,18.456,6.748
9,150.75,18.896,8.997
9,150.75,19.335,11.246
9,150.75,19.774,13.495
9,150.75,20.213,15.744
10,167.50,-20.302,15.506
10,167.50,-19.858,13.291
10,167.50,-19.414,11.075
10,167.50,-18.970,8.860
10,167.50,-18.526,6.645
10,167.50,-18.082,4.430
10,167.50,-17.638,2.215
10,167.50,-17.193,-0.000
10,167.50,-17.180,-0.624
10,167.50,-17.138,-1.246
10,167.50,-17.068,-1.867
10,167.50,-16.971,-2.485
10,167.50,-16.846,-3.098
10,167.50,-16.694,-3.707
10,167.50,-16.515,-4.310
10,167.50,-16.309,-4.905
10,167.50,-16.076,-5.493
10,167.50,-15.818,-6.071
10,167.50,-15.533,-6.640
10,167.50,-15.224,-7.198
10,167.50,-14.890,-7.745
10,167.50,-14.532,-8.279
10,167.50,-14.150,-8.799
10,167.50,-13.745,-9.305
10,167.50,-13.318,-9.796
10,167.50,-12.869,-10.272
10,167.50,-12.400,-10.730
10,167.50,-11.910,-11.171
10,167.50,-11.401,-11.594
10,167.50,-10.874,-11.998
10,167.50,-10.329,-12.383
10,167.50,-9.767,-12.748
10,167.50,-9.189,-13.092
10,167.50,-8.597,-13.415
10,167.50,-7.990,-13.715
10,167.50,-7.371,-13.994
10,167.50,-6.739,-14.250
10,167.50,-6.097,-14.483
10,167.50,-5.445,-14.693
10,167.50,-4.784,-14.878
10,167.50,-4.115,-15.040
10,167.50,-3.439,-15.177
10,167.50,-2.758,-15.289
10,167.50,-2.072,-15.377
10,167.50,-1.383,-15.440
10,167.50,-0.692,-15.477
10,167.50,-0.000,-15.490
10,167.50,0.692,-15.477
10,167.50,1.383,-15.440
10,167.50,2.072,-15.377
10,167.50,2.758,-15.289
10,167.50,3.439,-15.177
10,167.50,4.115,-15.040
10,167.50,4.784,-14.878
10,167.50,5.445,-14.693
10,167.50,6.097,-14.483
10,167.50,6.739,-14.250
10,167.50,7.371,-13.994
10,167.50,7.990,-13.715
10,167.50,8.597,-13.415
10,167.50,9.189,-13.092
10,167.50,9.767,-12.748
10,167.50,10.329,-12.383
10,167.50,10.874,-11.998
10,167.50,11.401,-11.594
10,167.50,11.910,-11.171
10,167.50,12.400,-10.730
10,167.50,12.869,-10.272
10,167.50,13.318,-9.796
10,167.50,13.745,-9.305
10,167.50,14.150,-8.799
10,167.50,14.532,-8.279
10,167.50,14.890,-7.745
10,167.50,15.224,-7.198
10,167.50,15.533,-6.640
10,167.50,15.818,-6.071
10,167.50,16.076,-5.493
10,167.50,16.309,-4.905
10,167.50,16.515,-4.310
10,167.50,16.694,-3.707
10,167.50,16.846,-3.098
10,167.50,16.971,-2.485
10,167.50,17.068,-1.867
10,167.50,17.138,-1.246
10,167.50,17.180,-0.624
10,167.50,17.193,-0.000
10,167.50,17.638,2.215
10,167.50,18.082,4.430
10,167.50,18.526,6.645
10,167.50,18.970,8.860
10,167.50,19.414,11.075
10,167.50,19.858,13.291
10,167.50,20.302,15.506
11,184.25,-20.237,15.638
11,184.25,-19.808,13.404
11,184.25,-19.379,11.170
11,184.25,-18.949,8.936
11,184.25,-18.520,6.702
11,184.25,-18.091,4.468
11,184.25,-17.662,2.234
11,184.25,-17.233,-0.000
11,184.25,-17.219,-0.619
11,184.25,-17.177,-1.238
11,184.25,-17.107,-1.854
11,184.25,-17.009,-2.467
11,184.25,-16.884,-3.077
11,184.25,-16.732,-3.681
11,184.25,-16.552,-4.280
11,184.25,-16.346,-4.871
11,184.25,-16.113,-5.455
11,184.25,-15.854,-6.029
11,184.25,-15.569,-6.594
11,184.25,-15.259,-7.148
11,184.25,-14.924,-7.691
11,184.25,-14.565,-8.221
11,184.25,-14.182,-8.738
11,184.25,-13.776,-9.241
11,184.25,-13.348,-9.728
11,184.25,-12.899,-10.200
11,184.25,-12.428,-10.656
11,184.25,-11.937,-11.094
11,184.25,-11.427,-11.514
11,184.25,-10.899,-11.915
11,184.25,-10.352,-12.297
11,184.25,-9.789,-12.659
11,184.25,-9.210,-13.001
11,184.25,-8.616,-13.321
11,184.25,-8.008,-13.620
11,184.25,-7.387,-13.897
11,184.25,-6.755,-14.151
11,184.25,-6.111,-14.383
11,184.25,-5.457,-14.591
11,184.25,-4.794,-14.775
11,184.25,-4.124,-14.935
11,184.25,-3.447,-15.071
11,184.25,-2.764,-15.183
11,184.25,-2.077,-15.270
11,184.25,-1.387,-15.332
11,184.25,-0.694,-15.370
11,184.25,-0.000,-15.382
11,184.25,0.694,-15.370
11,184.25,1.387,-15.332
11,184.25,2.077,-15.270
11,184.25,2.764,-15.183
11,184.25,3.447,-15.071
11,184.25,4.124,-14.935
11,184.25,4.794,-14.775
11,184.25,5.457,-14.591
11,184.25,6.111,-14.383
11,184.25,6.755,-14.151
11,184.25,7.387,-13.897
11,184.25,8.008,-13.620
11,184.25,8.616,-13.321
11,184.25,9.210,-13.001
11,184.25,9.789,-12.659
11,184.25,10.352,-12.297
11,184.25,10.899,-11.915
11,184.25,11.427,-11.514
11,184.25,11.937,-11.094
11,184.25,12.428,-10.656
11,184.25,12.899,-10.200
11,184.25,13.348,-9.728
11,184.25,13.776,-9.241
11,184.25,14.182,-8.738
11,184.25,14.565,-8.221
11,184.25,14.924,-7.691
11,184.25,15.259,-7.148
11,184.25,15.569,-6.594
11,184.25,15.854,-6.029
11,184.25,16.113,-5.455
11,184.25,16.346,-4.871
11,184.25,16.552,-4.280
11,184.25,16.732,-3.681
11,184.25,16.884,-3.077
11,184.25,17.009,-2.467
11,184.25,17.107,-1.854
11,184.25,17.177,-1.238
11,184.25,17.219,-0.619
11,184.25,17.233,-0.000
11,184.25,17.662,2.234
11,184.25,18.091,4.468
11,184.25,18.520,6.702
11,184.25,18.949,8.936
11,184.25,19.379,11.170
11,184.25,19.808,13.404
11,184.25,20.237,15.638
12,201.00,-19.977,16.026
12,201.00,-19.547,13.737
12,201.00,-19.117,11.447
12,201.00,-18.687,9.158
12,201.00,-18.257,6.868
12,201.00,-17.827,4.579
12,201.00,-17.397,2.289
12,201.00,-16.967,-0.000
12,201.00,-16.953,-0.603
12,201.00,-16.912,-1.205
12,201.00,-16.843,-1.804
12,201.00,-16.747,-2.401
12,201.00,-16.624,-2.994
12,201.00,-16.474,-3.583
12,201.00,-16.297,-4.165
12,201.00,-16.094,-4.741
12,201.00,-15.864,-5.309
12,201.00,-15.609,-5.868
12,201.00,-15.329,-6.418
12,201.00,-15.023,-6.957
12,201.00,-14.694,-7.485
12,201.00,-14.340,-8.001
12,201.00,-13.963,-8.504
12,201.00,-13.564,-8.993
12,201.00,-13.143,-9.468
12,201.00,-12.700,-9.927
12,201.00,-12.237,-10.370
12,201.00,-11.753,-10.797
12,201.00,-11.251,-11.205
12,201.00,-10.731,-11.596
12,201.00,-10.193,-11.968
12,201.00,-9.638,-12.320
12,201.00,-9.068,-12.653
12,201.00,-8.483,-12.965
12,201.00,-7.885,-13.255
12,201.00,-7.274,-13.525
12,201.00,-6.650,-13.772
12,201.00,-6.017,-13.997
12,201.00,-5.373,-14.200
12,201.00,-4.720,-14.379
12,201.00,-4.060,-14.535
12,201.00,-3.394,-14.668
12,201.00,-2.722,-14.776
12,201.00,-2.045,-14.861
12,201.00,-1.365,-14.922
12,201.00,-0.683,-14.958
12,201.00,-0.000,-14.970
12,201.00,0.683,-14.958
12,201.00,1.365,-14.922
12,201.00,2.045,-14.861
12,201.00,2.722,-14.776
12,201.00,3.394,-14.668
12,201.00,4.060,-14.535
12,201.00,4.720,-14.379
12,201.00,5.373,-14.200
12,201.00,6.017,-13.997
12,201.00,6.650,-13.772
12,201.00,7.274,-13.525
12,201.00,7.885,-13.255
12,201.00,8.483,-12.965
12,201.00,9.068,-12.653
12,201.00,9.638,-12.320
12,201.00,10.193,-11.968
12,201.00,10.731,-11.596
12,201.00,11.251,-11.205
12,201.00,11.753,-10.797
12,201.00,12.237,-10.370
12,201.00,12.700,-9.927
12,201.00,13.143,-9.468
12,201.00,13.564,-8.993
12,201.00,13.963,-8.504
12,201.00,14.340,-8.001
12,201.00,14.694,-7.485
12,201.00,15.023,-6.957
12,201.00,15.329,-6.418
12,201.00,15.609,-5.868
12,201.00,15.864,-5.309
12,201.00,16.094,-4.741
12,201.00,16.297,-4.165
12,201.00,16.474,-3.583
12,201.00,16.624,-2.994
12,201.00,16.747,-2.401
12,201.00,16.843,-1.804
12,201.00,16.912,-1.205
12,201.00,16.953,-0.603
12,201.00,16.967,-0.000
12,201.00,17.397,2.289
12,201.00,17.827,4.579
12,201.00,18.257,6.868
12,201.00,18.687,9.158
12,201.00,19.117,11.447
12,201.00,19.547,13.737
12,201.00,19.977,16.026
13,217.75,-19.404,16.466
13,217.75,-18.924,14.113
13,217.75,-18.445,11.761
13,217.75,-17.965,9.409
13,217.75,-17.486,7.057
13,217.75,-17.006,4.704
13,217.75,-16.526,2.352
13,217.75,-16.047,-0.000
13,217.75,-16.034,-0.578
13,217.75,-15.995,-1.156
13,217.75,-15.930,-1.731
13,217.75,-15.839,-2.304
13,217.75,-15.723,-2.873
13,217.75,-15.581,-3.437
13,217.75,-15.413,-3.996
13,217.75,-15.221,-4.548
13,217.75,-15.004,-5.093
13,217.75,-14.763,-5.630
13,217.75,-14.498,-6.157
13,217.75,-14.209,-6.675
13,217.75,-13.897,-7.181
13,217.75,-13.563,-7.676
13,217.75,-13.206,-8.159
13,217.75,-12.829,-8.628
13,217.75,-12.430,-9.084
13,217.75,-12.011,-9.524
13,217.75,-11.573,-9.949
13,217.75,-11.116,-10.358
13,217.75,-10.641,-10.751
13,217.75,-10.149,-11.125
13,217.75,-9.640,-11.482
13,217.75,-9.116,-11.820
13,217.75,-8.577,-12.139
13,217.75,-8.023,-12.438
13,217.75,-7.457,-12.717
13,217.75,-6.879,-12.976
13,217.75,-6.290,-13.213
13,217.75,-5.690,-13.429
13,217.75,-5.082,-13.623
13,217.75,-4.465,-13.796
13,217.75,-3.840,-13.945
13,217.75,-3.210,-14.072
13,217.75,-2.574,-14.177
13,217.75,-1.934,-14.258
13,217.75,-1.291,-14.316
13,217.75,-0.646,-14.351
13,217.75,-0.000,-14.363
13,217.75,0.646,-14.351
13,217.75,1.291,-14.316
13,217.75,1.934,-14.258
13,217.75,2.574,-14.177
13,217.75,3.210,-14.072
13,217.75,3.840,-13.945
13,217.75,4.465,-13.796
13,217.75,5.082,-13.623
13,217.75,5.690,-13.429
13,217.75,6.290,-13.213
13,217.75,6.879,-12.976
13,217.75,7.457,-12.717
13,217.75,8.023,-12.438
13,217.75,8.577,-12.139
13,217.75,9.116,-11.820
13,217.75,9.640,-11.482
13,217.75,10.149,-11.125
13,217.75,10.641,-10.751
13,217.75,11.116,-10.358
13,217.75,11.573,-9.949
13,217.75,12.011,-9.524
13,217.75,12.430,-9.084
13,217.75,12.829,-8.628
13,217.75,13.206,-8.159
13,217.75,13.563,-7.676
13,217.75,13.897,-7.181
13,217.75,14.209,-6.675
13,217.75,14.498,-6.157
13,217.75,14.763,-5.630
13,217.75,15.004,-5.093
13,217.75,15.221,-4.548
13,217.75,15.413,-3.996
13,217.75,15.581,-3.437
13,217.75,15.723,-2.873
13,217.75,15.839,-2.304
13,217.75,15.930,-1.731
13,217.75,15.995,-1.156
13,217.75,16.034,-0.578
13,217.75,16.047,-0.000
13,217.75,16.526,2.352
13,217.75,17.006,4.704
13,217.75,17.486,7.057
13,217.75,17.965,9.409
13,217.75,18.445,11.761
13,217.75,18.924,14.113
13,217.75,19.404,16.466
14,234.50,-18.425,16.879
14,234.50,-17.875,14.468
14,234.50,-17.324,12.056
14,234.50,-16.774,9.645
14,234.50,-16.224,7.234
14,234.50,-15.673,4.823
14,234.50,-15.123,2.411
14,234.50,-14.572,-0.000
14,234.50,-14.561,-0.540
14,234.50,-14.525,-1.080
14,234.50,-14.466,-1.617
14,234.50,-14.384,-2.152
14,234.50,-14.278,-2.684
14,234.50,-14.149,-3.211
14,234.50,-13.997,-3.733
14,234.50,-13.822,-4.249
14,234.50,-13.625,-4.758
14,234.50,-13.406,-5.259
14,234.50,-13.165,-5.752
14,234.50,-12.903,-6.235
14,234.50,-12.620,-6.709
14,234.50,-12.316,-7.171
14,234.50,-11.993,-7.622
14,234.50,-11.650,-8.060
14,234.50,-11.288,-8.486
14,234.50,-10.908,-8.897
14,234.50,-10.510,-9.294
14,234.50,-10.095,-9.676
14,234.50,-9.663,-10.043
14,234.50,-9.216,-10.393
14,234.50,-8.754,-10.726
14,234.50,-8.278,-11.042
14,234.50,-7.788,-11.340
14,234.50,-7.286,-11.620
14,234.50,-6.772,-11.880
14,234.50,-6.247,-12.122
14,234.50,-5.712,-12.343
14,234.50,-5.167,-12.545
14,234.50,-4.615,-12.727
14,234.50,-4.054,-12.887
14,234.50,-3.487,-13.027
14,234.50,-2.915,-13.146
14,234.50,-2.338,-13.243
14,234.50,-1.757,-13.319
14,234.50,-1.173,-13.374
14,234.50,-0.587,-13.406
14,234.50,-0.000,-13.417
14,234.50,0.587,-13.406
14,234.50,1.173,-13.374
14,234.50,1.757,-13.319
14,234.50,2.338,-13.243
14,234.50,2.915,-13.146
14,234.50,3.487,-13.027
14,234.50,4.054,-12.887
14,234.50,4.615,-12.727
14,234.50,5.167,-12.545
14,234.50,5.712,-12.343
14,234.50,6.247,-12.122
14,234.50,6.772,-11.880
14,234.50,7.286,-11.620
14,234.50,7.788,-11.340
14,234.50,8.278,-11.042
14,234.50,8.754,-10.726
14,234.50,9.216,-10.393
14,234.50,9.663,-10.043
14,234.50,10.095,-9.676
14,234.50,10.510,-9.294
14,234.50,10.908,-8.897
14,234.50,11.288,-8.486
14,234.50,11.650,-8.060
14,234.50,11.993,-7.622
14,234.50,12.316,-7.171
14,234.50,12.620,-6.709
14,234.50,12.903,-6.235
14,234.50,13.165,-5.752
14,234.50,13.406,-5.259
14,234.50,13.625,-4.758
14,234.50,13.822,-4.249
14,234.50,13.997,-3.733
14,234.50,14.149,-3.211
14,234.50,14.278,-2.684
14,234.50,14.384,-2.152
14,234.50,14.466,-1.617
14,234.50,14.525,-1.080
14,234.50,14.561,-0.540
14,234.50,14.572,-0.000
14,234.50,15.123,2.411
14,234.50,15.673,4.823
14,234.50,16.224,7.234
14,234.50,16.774,9.645
14,234.50,17.324,12.056
14,234.50,17.875,14.468
14,234.50,18.425,16.879
15,251.25,-16.973,17.226
15,251.25,-16.367,14.765
15,251.25,-15.761,12.304
15,251.25,-15.155,9.843
15,251.25,-14.548,7.382
15,251.25,-13.942,4.922
15,251.25,-13.336,2.461
15,251.25,-12.730,-0.000
15,251.25,-12.720,-0.482
15,251.25,-12.689,-0.963
15,251.25,-12.637,-1.443
15,251.25,-12.565,-1.920
15,251.25,-12.473,-2.394
15,251.25,-12.360,-2.865
15,251.25,-12.227,-3.330
15,251.25,-12.075,-3.791
15,251.25,-11.903,-4.245
15,251.25,-11.711,-4.692
15,251.25,-11.501,-5.132
15,251.25,-11.272,-5.563
15,251.25,-11.025,-5.985
15,251.25,-10.759,-6.398
15,251.25,-10.477,-6.800
15,251.25,-10.177,-7.191
15,251.25,-9.861,-7.570
15,251.25,-9.529,-7.938
15,251.25,-9.181,-8.292
15,251.25,-8.818,-8.633
15,251.25,-8.442,-8.960
15,251.25,-8.051,-9.272
15,251.25,-7.648,-9.569
15,251.25,-7.232,-9.851
15,251.25,-6.804,-10.117
15,251.25,-6.365,-10.366
15,251.25,-5.916,-10.599
15,251.25,-5.457,-10.814
15,251.25,-4.990,-11.012
15,251.25,-4.514,-11.192
15,251.25,-4.031,-11.354
15,251.25,-3.542,-11.498
15,251.25,-3.047,-11.622
15,251.25,-2.546,-11.728
15,251.25,-2.042,-11.815
15,251.25,-1.534,-11.883
15,251.25,-1.024,-11.931
15,251.25,-0.513,-11.960
15,251.25,-0.000,-11.970
15,251.25,0.513,-11.960
15,251.25,1.024,-11.931
15,251.25,1.534,-11.883
15,251.25,2.042,-11.815
15,251.25,2.546,-11.728
15,251.25,3.047,-11.622
15,251.25,3.542,-11.498
15,251.25,4.031,-11.354
15,251.25,4.514,-11.192
15,251.25,4.990,-11.012
15,251.25,5.457,-10.814
15,251.25,5.916,-10.599
15,251.25,6.365,-10.366
15,251.25,6.804,-10.117
15,251.25,7.232,-9.851
15,251.25,7.648,-9.569
15,251.25,8.051,-9.272
15,251.25,8.442,-8.960
15,251.25,8.818,-8.633
15,251.25,9.181,-8.292
15,251.25,9.529,-7.938
15,251.25,9.861,-7.570
15,251.25,10.177,-7.191
15,251.25,10.477,-6.800
15,251.25,10.759,-6.398
15,251.25,11.025,-5.985
15,251.25,11.272,-5.563
15,251.25,11.501,-5.132
15,251.25,11.711,-4.692
15,251.25,11.903,-4.245
15,251.25,12.075,-3.791
15,251.25,12.227,-3.330
15,251.25,12.360,-2.865
15,251.25,12.473,-2.394
15,251.25,12.565,-1.920
15,251.25,12.637,-1.443
15,251.25,12.689,-0.963
15,251.25,12.720,-0.482
15,251.25,12.730,-0.000
15,251.25,13.336,2.461
15,251.25,13.942,4.922
15,251.25,14.548,7.382
15,251.25,15.155,9.843
15,251.25,15.761,12.304
15,251.25,16.367,14.765
15,251.25,16.973,17.226
16,268.00,-15.232,17.605
16,268.00,-14.575,15.090
16,268.00,-13.917,12.575
16,268.00,-13.260,10.060
16,268.00,-12.602,7.545
16,268.00,-11.945,5.030
16,268.00,-11.287,2.515
16,268.00,-10.630,-0.000
16,268.00,-10.621,-0.411
16,268.00,-10.595,-0.822
16,268.00,-10.552,-1.231
16,268.00,-10.492,-1.639
16,268.00,-10.415,-2.043
16,268.00,-10.321,-2.444
16,268.00,-10.210,-2.842
16,268.00,-10.083,-3.235
16,268.00,-9.939,-3.622
16,268.00,-9.779,-4.004
16,268.00,-9.603,-4.379
16,268.00,-9.412,-4.747
16,268.00,-9.206,-5.107
16,268.00,-8.984,-5.459
16,268.00,-8.748,-5.802
16,268.00,-8.498,-6.136
16,268.00,-8.234,-6.460
16,268.00,-7.956,-6.773
16,268.00,-7.666,-7.076
16,268.00,-7.363,-7.367
16,268.00,-7.049,-7.646
16,268.00,-6.723,-7.912
16,268.00,-6.386,-8.166
16,268.00,-6.038,-8.406
16,268.00,-5.681,-8.633
16,268.00,-5.315,-8.846
16,268.00,-4.940,-9.044
16,268.00,-4.557,-9.228
16,268.00,-4.167,-9.397
16,268.00,-3.769,-9.551
16,268.00,-3.366,-9.689
16,268.00,-2.957,-9.811
16,268.00,-2.544,-9.918
16,268.00,-2.126,-10.008
16,268.00,-1.705,-10.082
16,268.00,-1.281,-10.140
16,268.00,-0.855,-10.181
16,268.00,-0.428,-10.206
16,268.00,-0.000,-10.214
16,268.00,0.428,-10.206
16,268.00,0.855,-10.181
16,268.00,1.281,-10.140
16,268.00,1.705,-10.082
16,268.00,2.126,-10.008
16,268.00,2.544,-9.918
16,268.00,2.957,-9.811
16,268.00,3.366,-9.689
16,268.00,3.769,-9.551
16,268.00,4.167,-9.397
16,268.00,4.557,-9.228
16,268.00,4.940,-9.044
16,268.00,5.315,-8.846
16,268.00,5.681,-8.633
16,268.00,6.038,-8.406
16,268.00,6.386,-8.166
16,268.00,6.723,-7.912
16,268.00,7.049,-7.646
16,268.00,7.363,-7.367
16,268.00,7.666,-7.076
16,268.00,7.956,-6.773
16,268.00,8.234,-6.460
16,268.00,8.498,-6.136
16,268.00,8.748,-5.802
16,268.00,8.984,-5.459
16,268.00,9.206,-5.107
16,268.00,9.412,-4.747
16,268.00,9.603,-4.379
16,268.00,9.779,-4.004
16,268.00,9.939,-3.622
16,268.00,10.083,-3.235
16,268.00,10.210,-2.842
16,268.00,10.321,-2.444
16,268.00,10.415,-2.043
16,268.00,10.492,-1.639
16,268.00,10.552,-1.231
16,268.00,10.595,-0.822
16,268.00,10.621,-0.411
16,268.00,10.630,-0.000
16,268.00,11.287,2.515
16,268.00,11.945,5.030
16,268.00,12.602,7.545
16,268.00,13.260,10.060
16,268.00,13.917,12.575
16,268.00,14.575,15.090
16,268.00,15.232,17.605
17,284.75,-13.537,18.203
17,284.75,-12.793,15.603
17,284.75,-12.049,13.002
17,284.75,-11.305,10.402
17,284.75,-10.561,7.801
17,284.75,-9.817,5.201
17,284.75,-9.073,2.600
17,284.75,-8.329,-0.000
17,284.75,-8.322,-0.345
17,284.75,-8.302,-0.689
17,284.75,-8.268,-1.032
17,284.75,-8.221,-1.373
17,284.75,-8.161,-1.712
17,284.75,-8.087,-2.049
17,284.75,-8.000,-2.382
17,284.75,-7.901,-2.711
17,284.75,-7.788,-3.036
17,284.75,-7.663,-3.355
17,284.75,-7.525,-3.670
17,284.75,-7.375,-3.978
17,284.75,-7.213,-4.280
17,284.75,-7.040,-4.575
17,284.75,-6.855,-4.863
17,284.75,-6.659,-5.143
17,284.75,-6.452,-5.414
17,284.75,-6.235,-5.677
17,284.75,-6.007,-5.930
17,284.75,-5.770,-6.174
17,284.75,-5.523,-6.408
17,284.75,-5.268,-6.631
17,284.75,-5.004,-6.844
17,284.75,-4.732,-7.045
17,284.75,-4.452,-7.235
17,284.75,-4.165,-7.414
17,284.75,-3.871,-7.580
17,284.75,-3.571,-7.734
17,284.75,-3.265,-7.875
17,284.75,-2.954,-8.004
17,284.75,-2.638,-8.120
17,284.75,-2.317,-8.222
17,284.75,-1.993,-8.312
17,284.75,-1.666,-8.387
17,284.75,-1.336,-8.450
17,284.75,-1.004,-8.498
17,284.75,-0.670,-8.533
17,284.75,-0.335,-8.553
17,284.75,-0.000,-8.560
17,284.75,0.335,-8.553
17,284.75,0.670,-8.533
17,284.75,1.004,-8.498
17,284.75,1.336,-8.450
17,284.75,1.666,-8.387
17,284.75,1.993,-8.312
17,284.75,2.317,-8.222
17,284.75,2.638,-8.120
17,284.75,2.954,-8.004
17,284.75,3.265,-7.875
17,284.75,3.571,-7.734
17,284.75,3.871,-7.580
17,284.75,4.165,-7.414
17,284.75,4.452,-7.235
17,284.75,4.732,-7.045
17,284.75,5.004,-6.844
17,284.75,5.268,-6.631
17,284.75,5.523,-6.408
17,284.75,5.770,-6.174
17,284.75,6.007,-5.930
17,284.75,6.235,-5.677
17,284.75,6.452,-5.414
17,284.75,6.659,-5.143
17,284.75,6.855,-4.863
17,284.75,7.040,-4.575
17,284.75,7.213,-4.280
17,284.75,7.375,-3.978
17,284.75,7.525,-3.670
17,284.75,7.663,-3.355
17,284.75,7.788,-3.036
17,284.75,7.901,-2.711
17,284.75,8.000,-2.382
17,284.75,8.087,-2.049
17,284.75,8.161,-1.712
17,284.75,8.221,-1.373
17,284.75,8.268,-1.032
17,284.75,8.302,-0.689
17,284.75,8.322,-0.345
17,284.75,8.329,-0.000
17,284.75,9.073,2.600
17,284.75,9.817,5.201
17,284.75,10.561,7.801
17,284.75,11.305,10.402
17,284.75,12.049,13.002
17,284.75,12.793,15.603
17,284.75,13.537,18.203
18,301.50,-11.207,19.233
18,301.50,-10.415,16.485
18,301.50,-9.623,13.738
18,301.50,-8.832,10.990
18,301.50,-8.040,8.243
18,301.50,-7.249,5.495
18,301.50,-6.457,2.748
18,301.50,-5.665,-0.000
18,301.50,-5.661,-0.267
18,301.50,-5.647,-0.534
18,301.50,-5.624,-0.800
18,301.50,-5.592,-1.064
18,301.50,-5.551,-1.327
18,301.50,-5.501,-1.588
18,301.50,-5.442,-1.846
18,301.50,-5.374,-2.101
18,301.50,-5.297,-2.353
18,301.50,-5.212,-2.601
18,301.50,-5.118,-2.845
18,301.50,-5.016,-3.084
18,301.50,-4.906,-3.318
18,301.50,-4.788,-3.547
18,301.50,-4.662,-3.770
18,301.50,-4.529,-3.986
18,301.50,-4.388,-4.197
18,301.50,-4.241,-4.400
18,301.50,-4.086,-4.597
18,301.50,-3.925,-4.786
18,301.50,-3.757,-4.967
18,301.50,-3.583,-5.140
18,301.50,-3.403,-5.305
18,301.50,-3.218,-5.461
18,301.50,-3.028,-5.608
18,301.50,-2.833,-5.747
18,301.50,-2.633,-5.876
18,301.50,-2.429,-5.995
18,301.50,-2.221,-6.105
18,301.50,-2.009,-6.204
18,301.50,-1.794,-6.294
18,301.50,-1.576,-6.374
18,301.50,-1.356,-6.443
18,301.50,-1.133,-6.502
18,301.50,-0.909,-6.550
18,301.50,-0.683,-6.587
18,301.50,-0.456,-6.614
18,301.50,-0.228,-6.630
18,301.50,-0.000,-6.636
18,301.50,0.228,-6.630
18,301.50,0.456,-6.614
18,301.50,0.683,-6.587
18,301.50,0.909,-6.550
18,301.50,1.133,-6.502
18,301.50,1.356,-6.443
18,301.50,1.576,-6.374
18,301.50,1.794,-6.294
18,301.50,2.009,-6.204
18,301.50,2.221,-6.105
18,301.50,2.429,-5.995
18,301.50,2.633,-5.876
18,301.50,2.833,-5.747
18,301.50,3.028,-5.608
18,301.50,3.218,-5.461
18,301.50,3.403,-5.305
18,301.50,3.583,-5.140
18,301.50,3.757,-4.967
18,301.50,3.925,-4.786
18,301.50,4.086,-4.597
18,301.50,4.241,-4.400
18,301.50,4.388,-4.197
18,301.50,4.529,-3.986
18,301.50,4.662,-3.770
18,301.50,4.788,-3.547
18,301.50,4.906,-3.318
18,301.50,5.016,-3.084
18,301.50,5.118,-2.845
18,301.50,5.212,-2.601
18,301.50,5.297,-2.353
18,301.50,5.374,-2.101
18,301.50,5.442,-1.846
18,301.50,5.501,-1.588
18,301.50,5.551,-1.327
18,301.50,5.592,-1.064
18,301.50,5.624,-0.800
18,301.50,5.647,-0.534
18,301.50,5.661,-0.267
18,301.50,5.665,-0.000
18,301.50,6.457,2.748
18,301.50,7.249,5.495
18,301.50,8.040,8.243
18,301.50,8.832,10.990
18,301.50,9.623,13.738
18,301.50,10.415,16.485
18,301.50,11.207,19.233
19,318.25,-6.029,20.887
19,318.25,-5.481,17.903
19,318.25,-4.933,14.919
19,318.25,-4.385,11.935
19,318.25,-3.837,8.952
19,318.25,-3.289,5.968
19,318.25,-2.741,2.984
19,318.25,-2.192,-0.000
19,318.25,-2.191,-0.115
19,318.25,-2.185,-0.230
19,318.25,-2.176,-0.345
19,318.25,-2.164,-0.459
19,318.25,-2.148,-0.573
19,318.25,-2.129,-0.685
19,318.25,-2.106,-0.796
19,318.25,-2.080,-0.907
19,318.25,-2.050,-1.015
19,318.25,-2.017,-1.122
19,318.25,-1.981,-1.227
19,318.25,-1.941,-1.330
19,318.25,-1.899,-1.431
19,318.25,-1.853,-1.530
19,318.25,-1.804,-1.626
19,318.25,-1.753,-1.720
19,318.25,-1.698,-1.811
19,318.25,-1.641,-1.898
19,318.25,-1.581,-1.983
19,318.25,-1.519,-2.065
19,318.25,-1.454,-2.143
19,318.25,-1.387,-2.217
19,318.25,-1.317,-2.289
19,318.25,-1.245,-2.356
19,318.25,-1.172,-2.420
19,318.25,-1.096,-2.479
19,318.25,-1.019,-2.535
19,318.25,-0.940,-2.586
19,318.25,-0.859,-2.634
19,318.25,-0.777,-2.677
19,318.25,-0.694,-2.715
19,318.25,-0.610,-2.750
19,318.25,-0.525,-2.780
19,318.25,-0.439,-2.805
19,318.25,-0.352,-2.826
19,318.25,-0.264,-2.842
19,318.25,-0.176,-2.853
19,318.25,-0.088,-2.860
19,318.25,-0.000,-2.863
19,318.25,0.088,-2.860
19,318.25,0.176,-2.853
19,318.25,0.264,-2.842
19,318.25,0.352,-2.826
19,318.25,0.439,-2.805
19,318.25,0.525,-2.780
19,318.25,0.610,-2.750
19,318.25,0.694,-2.715
19,318.25,0.777,-2.677
19,318.25,0.859,-2.634
19,318.25,0.940,-2.586
19,318.25,1.019,-2.535
19,318.25,1.096,-2.479
19,318.25,1.172,-2.420
19,318.25,1.245,-2.356
19,318.25,1.317,-2.289
19,318.25,1.387,-2.217
19,318.25,1.454,-2.143
19,318.25,1.519,-2.065
19,318.25,1.581,-1.983
19,318.25,1.641,-1.898
19,318.25,1.698,-1.811
19,318.25,1.753,-1.720
19,318.25,1.804,-1.626
19,318.25,1.853,-1.530
19,318.25,1.899,-1.431
19,318.25,1.941,-1.330
19,318.25,1.981,-1.227
19,318.25,2.017,-1.122
19,318.25,2.050,-1.015
19,318.25,2.080,-0.907
19,318.25,2.106,-0.796
19,318.25,2.129,-0.685
19,318.25,2.148,-0.573
19,318.25,2.164,-0.459
19,318.25,2.176,-0.345
19,318.25,2.185,-0.230
19,318.25,2.191,-0.115
19,318.25,2.192,-0.000
19,318.25,2.741,2.984
19,318.25,3.289,5.968
19,318.25,3.837,8.952
19,318.25,4.385,11.935
19,318.25,4.933,14.919
19,318.25,5.481,17.903
19,318.25,6.029,20.887
20,335.00,-2.000,22.000
20,335.00,-1.714,18.857
20,335.00,-1.429,15.714
20,335.00,-1.143,12.571
20,335.00,-0.857,9.429
20,335.00,-0.571,6.286
20,335.00,-0.286,3.143
20,335.00,-0.000,-0.000
20,335.00,-0.000,-0.000
20,335.00,-0.000,-0.000
20,335.00,-0.000,-0.000
20,335.00,-0.000,-0.000
20,335.00,-0.000,-0.000
20,335.00,-0.000,-0.000
20,335.00,-0.000,-0.000
20,335.00,-0.000,-0.000
20,335.00,-0.000,-0.000
20,335.00,-0.000,-0.000
20,335.00,-0.000,-0.000
20,335.00,-0.000,-0.000
20,335.00,-0.000,-0.000
20,335.00,-0.000,-0.000
20,335.00,-0.000,-0.000
20,335.00,-0.000,-0.000
20,335.00,-0.000,-0.000
20,335.00,-0.000,-0.000
20,335.00,-0.000,-0.000
20,335.00,-0.000,-0.000
20,335.00,-0.000,-0.000
20,335.00,-0.000,-0.000
20,335.00,-0.000,-0.000
20,335.00,-0.000,-0.000
20,335.00,-0.000,-0.000
20,335.00,-0.000,-0.000
20,335.00,-0.000,-0.000
20,335.00,-0.000,-0.000
20,335.00,-0.000,-0.000
20,335.00,-0.000,-0.000
20,335.00,-0.000,-0.000
20,335.00,-0.000,-0.000
20,335.00,-0.000,-0.000
20,335.00,-0.000,-0.000
20,335.00,-0.000,-0.000
20,335.00,-0.000,-0.000
20,335.00,-0.000,-0.000
20,335.00,-0.000,-0.000
20,335.00,-0.000,-0.000
20,335.00,0.000,-0.000
20,335.00,0.000,-0.000
20,335.00,0.000,-0.000
20,335.00,0.000,-0.000
20,335.00,0.000,-0.000
20,335.00,0.000,-0.000
20,335.00,0.000,-0.000
20,335.00,0.000,-0.000
20,335.00,0.000,-0.000
20,335.00,0.000,-0.000
20,335.00,0.000,-0.000
20,335.00,0.000,-0.000
20,335.00,0.000,-0.000
20,335.00,0.000,-0.000
20,335.00,0.000,-0.000
20,335.00,0.000,-0.000
20,335.00,0.000,-0.000
20,335.00,0.000,-0.000
20,335.00,0.000,-0.000
20,335.00,0.000,-0.000
20,335.00,0.000,-0.000
20,335.00,0.000,-0.000
20,335.00,0.000,-0.000
20,335.00,0.000,-0.000
20,335.00,0.000,-0.000
20,335.00,0.000,-0.000
20,335.00,0.000,-0.000
20,335.00,0.000,-0.000
20,335.00,0.000,-0.000
20,335.00,0.000,-0.000
20,335.00,0.000,-0.000
20,335.00,0.000,-0.000
20,335.00,0.000,-0.000
20,335.00,0.000,-0.000
20,335.00,0.000,-0.000
20,335.00,0.000,-0.000
20,335.00,0.000,-0.000
20,335.00,0.000,-0.000
20,335.00,0.000,-0.000
20,335.00,0.286,3.143
20,335.00,0.571,6.286
20,335.00,0.857,9.429
20,335.00,1.143,12.571
20,335.00,1.429,15.714
20,335.00,1.714,18.857
20,335.00,2.000,22.000
