waterline,z_cm,x_cm,y_cm
0,-14.726,128.15,1.180
0,-14.726,130.40,1.759
0,-14.726,132.65,2.181
0,-14.726,134.90,2.535
0,-14.726,137.15,2.855
0,-14.726,139.40,3.157
0,-14.726,141.64,3.428
0,-14.726,143.89,3.693
0,-14.726,146.14,3.938
0,-14.726,148.39,4.167
0,-14.726,150.64,4.377
0,-14.726,152.89,4.571
0,-14.726,155.13,4.741
0,-14.726,157.38,4.897
0,-14.726,159.63,5.031
0,-14.726,161.88,5.141
0,-14.726,164.13,5.233
0,-14.726,166.38,5.303
0,-14.726,168.62,5.349
0,-14.726,170.87,5.370
0,-14.726,173.12,5.365
0,-14.726,175.37,5.333
0,-14.726,177.62,5.278
0,-14.726,179.87,5.198
0,-14.726,182.11,5.096
0,-14.726,184.36,4.972
0,-14.726,186.61,4.812
0,-14.726,188.86,4.632
0,-14.726,191.11,4.421
0,-14.726,193.36,4.178
0,-14.726,195.60,3.898
0,-14.726,197.85,3.583
0,-14.726,200.10,3.212
0,-14.726,202.35,2.775
0,-14.726,204.60,2.239
0,-14.726,206.85,1.468
0,-14.726,206.85,-1.468
0,-14.726,204.60,-2.239
0,-14.726,202.35,-2.775
0,-14.726,200.10,-3.212
0,-14.726,197.85,-3.583
0,-14.726,195.60,-3.898
0,-14.726,193.36,-4.178
0,-14.726,191.11,-4.421
0,-14.726,188.86,-4.632
0,-14.726,186.61,-4.812
0,-14.726,184.36,-4.972
0,-14.726,182.11,-5.096
0,-14.726,179.87,-5.198
0,-14.726,177.62,-5.278
0,-14.726,175.37,-5.333
0,-14.726,173.12,-5.365
0,-14.726,170.87,-5.370
0,-14.726,168.62,-5.349
0,-14.726,166.38,-5.303
0,-14.726,164.13,-5.233
0,-14.726,161.88,-5.141
0,-14.726,159.63,-5.031
0,-14.726,157.38,-4.897
0,-14.726,155.13,-4.741
0,-14.726,152.89,-4.571
0,-14.726,150.64,-4.377
0,-14.726,148.39,-4.167
0,-14.726,146.14,-3.938
0,-14.726,143.89,-3.693
0,-14.726,141.64,-3.428
0,-14.726,139.40,-3.157
0,-14.726,137.15,-2.855
0,-14.726,134.90,-2.535
0,-14.726,132.65,-2.181
0,-14.726,130.40,-1.759
0,-14.726,128.15,-1.180
1,-12.272,74.19,1.744
1,-12.272,76.44,2.829
1,-12.272,78.69,3.583
1,-12.272,80.94,4.190
1,-12.272,83.19,4.701
1,-12.272,85.44,5.152
1,-12.272,87.68,5.554
1,-12.272,89.93,5.919
1,-12.272,92.18,6.253
1,-12.272,94.43,6.556
1,-12.272,96.68,6.839
1,-12.272,98.93,7.099
1,-12.272,101.17,7.343
1,-12.272,103.42,7.566
1,-12.272,105.67,7.777
1,-12.272,107.92,7.972
1,-12.272,110.17,8.154
1,-12.272,112.42,8.325
1,-12.272,114.66,8.486
1,-12.272,116.91,8.635
1,-12.272,119.16,8.775
1,-12.272,121.41,8.907
1,-12.272,123.66,9.033
1,-12.272,125.91,9.152
1,-12.272,128.15,9.263
1,-12.272,130.40,9.368
1,-12.272,132.65,9.469
1,-12.272,134.90,9.566
1,-12.272,137.15,9.660
1,-12.272,139.40,9.752
1,-12.272,141.64,9.838
1,-12.272,143.89,9.922
1,-12.272,146.14,10.002
1,-12.272,148.39,10.079
1,-12.272,150.64,10.151
1,-12.272,152.89,10.218
1,-12.272,155.13,10.278
1,-12.272,157.38,10.331
1,-12.272,159.63,10.378
1,-12.272,161.88,10.419
1,-12.272,164.13,10.452
1,-12.272,166.38,10.479
1,-12.272,168.62,10.497
1,-12.272,170.87,10.508
1,-12.272,173.12,10.510
1,-12.272,175.37,10.503
1,-12.272,177.62,10.488
1,-12.272,179.87,10.463
1,-12.272,182.11,10.429
1,-12.272,184.36,10.385
1,-12.272,186.61,10.332
1,-12.272,188.86,10.268
1,-12.272,191.11,10.190
1,-12.272,193.36,10.102
1,-12.272,195.60,10.002
1,-12.272,197.85,9.891
1,-12.272,200.10,9.770
1,-12.272,202.35,9.632
1,-12.272,204.60,9.484
1,-12.272,206.85,9.323
1,-12.272,209.09,9.149
1,-12.272,211.34,8.958
1,-12.272,213.59,8.755
1,-12.272,215.84,8.536
1,-12.272,218.09,8.298
1,-12.272,220.34,8.046
1,-12.272,222.58,7.770
1,-12.272,224.83,7.477
1,-12.272,227.08,7.156
1,-12.272,229.33,6.810
1,-12.272,231.58,6.435
1,-12.272,233.83,6.022
1,-12.272,236.07,5.565
1,-12.272,238.32,5.049
1,-12.272,240.57,4.458
1,-12.272,242.82,3.755
1,-12.272,245.07,2.870
1,-12.272,247.32,1.501
1,-12.272,247.32,-1.501
1,-12.272,245.07,-2.870
1,-12.272,242.82,-3.755
1,-12.272,240.57,-4.458
1,-12.272,238.32,-5.049
1,-12.272,236.07,-5.565
1,-12.272,233.83,-6.022
1,-12.272,231.58,-6.435
1,-12.272,229.33,-6.810
1,-12.272,227.08,-7.156
1,-12.272,224.83,-7.477
1,-12.272,222.58,-7.770
1,-12.272,220.34,-8.046
1,-12.272,218.09,-8.298
1,-12.272,215.84,-8.536
1,-12.272,213.59,-8.755
1,-12.272,211.34,-8.958
1,-12.272,209.09,-9.149
1,-12.272,206.85,-9.323
1,-12.272,204.60,-9.484
1,-12.272,202.35,-9.632
1,-12.272,200.10,-9.770
1,-12.272,197.85,-9.891
1,-12.272,195.60,-10.002
1,-12.272,193.36,-10.102
1,-12.272,191.11,-10.190
1,-12.272,188.86,-10.268
1,-12.272,186.61,-10.332
1,-12.272,184.36,-10.385
1,-12.272,182.11,-10.429
1,-12.272,179.87,-10.463
1,-12.272,177.62,-10.488
1,-12.272,175.37,-10.503
1,-12.272,173.12,-10.510
1,-12.272,170.87,-10.508
1,-12.272,168.62,-10.497
1,-12.272,166.38,-10.479
1,-12.272,164.13,-10.452
1,-12.272,161.88,-10.419
1,-12.272,159.63,-10.378
1,-12.272,157.38,-10.331
1,-12.272,155.13,-10.278
1,-12.272,152.89,-10.218
1,-12.272,150.64,-10.151
1,-12.272,148.39,-10.079
1,-12.272,146.14,-10.002
1,-12.272,143.89,-9.922
1,-12.272,141.64,-9.838
1,-12.272,139.40,-9.752
1,-12.272,137.15,-9.660
1,-12.272,134.90,-9.566
1,-12.272,132.65,-9.469
1,-12.272,130.40,-9.368
1,-12.272,128.15,-9.263
1,-12.272,125.91,-9.152
1,-12.272,123.66,-9.033
1,-12.272,121.41,-8.907
1,-12.272,119.16,-8.775
1,-12.272,116.91,-8.635
1,-12.272,114.66,-8.486
1,-12.272,112.42,-8.325
1,-12.272,110.17,-8.154
1,-12.272,107.92,-7.972
1,-12.272,105.67,-7.777
1,-12.272,103.42,-7.566
1,-12.272,101.17,-7.343
1,-12.272,98.93,-7.099
1,-12.272,96.68,-6.839
1,-12.272,94.43,-6.556
1,-12.272,92.18,-6.253
1,-12.272,89.93,-5.919
1,-12.272,87.68,-5.554
1,-12.272,85.44,-5.152
1,-12.272,83.19,-4.701
1,-12.272,80.94,-4.190
1,-12.272,78.69,-3.583
1,-12.272,76.44,-2.829
1,-12.272,74.19,-1.744
2,-9.817,53.96,2.333
2,-9.817,56.21,3.396
2,-9.817,58.46,4.194
2,-9.817,60.70,4.856
2,-9.817,62.95,5.433
2,-9.817,65.20,5.947
2,-9.817,67.45,6.415
2,-9.817,69.70,6.845
2,-9.817,71.95,7.243
2,-9.817,74.19,7.614
2,-9.817,76.44,7.963
2,-9.817,78.69,8.294
2,-9.817,80.94,8.604
2,-9.817,83.19,8.900
2,-9.817,85.44,9.180
2,-9.817,87.68,9.448
2,-9.817,89.93,9.701
2,-9.817,92.18,9.943
2,-9.817,94.43,10.173
2,-9.817,96.68,10.390
2,-9.817,98.93,10.597
2,-9.817,101.17,10.794
2,-9.817,103.42,10.980
2,-9.817,105.67,11.155
2,-9.817,107.92,11.321
2,-9.817,110.17,11.478
2,-9.817,112.42,11.626
2,-9.817,114.66,11.767
2,-9.817,116.91,11.897
2,-9.817,119.16,12.020
2,-9.817,121.41,12.136
2,-9.817,123.66,12.245
2,-9.817,125.91,12.347
2,-9.817,128.15,12.443
2,-9.817,130.40,12.533
2,-9.817,132.65,12.617
2,-9.817,134.90,12.695
2,-9.817,137.15,12.768
2,-9.817,139.40,12.835
2,-9.817,141.64,12.897
2,-9.817,143.89,12.955
2,-9.817,146.14,13.008
2,-9.817,148.39,13.057
2,-9.817,150.64,13.102
2,-9.817,152.89,13.142
2,-9.817,155.13,13.177
2,-9.817,157.38,13.209
2,-9.817,159.63,13.235
2,-9.817,161.88,13.258
2,-9.817,164.13,13.276
2,-9.817,166.38,13.291
2,-9.817,168.62,13.303
2,-9.817,170.87,13.311
2,-9.817,173.12,13.316
2,-9.817,175.37,13.317
2,-9.817,177.62,13.313
2,-9.817,179.87,13.303
2,-9.817,182.11,13.288
2,-9.817,184.36,13.265
2,-9.817,186.61,13.233
2,-9.817,188.86,13.194
2,-9.817,191.11,13.145
2,-9.817,193.36,13.086
2,-9.817,195.60,13.018
2,-9.817,197.85,12.938
2,-9.817,200.10,12.848
2,-9.817,202.35,12.745
2,-9.817,204.60,12.629
2,-9.817,206.85,12.501
2,-9.817,209.09,12.360
2,-9.817,211.34,12.209
2,-9.817,213.59,12.046
2,-9.817,215.84,11.871
2,-9.817,218.09,11.682
2,-9.817,220.34,11.482
2,-9.817,222.58,11.271
2,-9.817,224.83,11.047
2,-9.817,227.08,10.808
2,-9.817,229.33,10.559
2,-9.817,231.58,10.295
2,-9.817,233.83,10.017
2,-9.817,236.07,9.725
2,-9.817,238.32,9.417
2,-9.817,240.57,9.091
2,-9.817,242.82,8.749
2,-9.817,245.07,8.385
2,-9.817,247.32,8.003
2,-9.817,249.56,7.599
2,-9.817,251.81,7.173
2,-9.817,254.06,6.721
2,-9.817,256.31,6.241
2,-9.817,258.56,5.729
2,-9.817,260.81,5.174
2,-9.817,263.05,4.570
2,-9.817,265.30,3.895
2,-9.817,267.55,3.111
2,-9.817,269.80,2.100
2,-9.817,269.80,-2.100
2,-9.817,267.55,-3.111
2,-9.817,265.30,-3.895
2,-9.817,263.05,-4.570
2,-9.817,260.81,-5.174
2,-9.817,258.56,-5.729
2,-9.817,256.31,-6.241
2,-9.817,254.06,-6.721
2,-9.817,251.81,-7.173
2,-9.817,249.56,-7.599
2,-9.817,247.32,-8.003
2,-9.817,245.07,-8.385
2,-9.817,242.82,-8.749
2,-9.817,240.57,-9.091
2,-9.817,238.32,-9.417
2,-9.817,236.07,-9.725
2,-9.817,233.83,-10.017
2,-9.817,231.58,-10.295
2,-9.817,229.33,-10.559
2,-9.817,227.08,-10.808
2,-9.817,224.83,-11.047
2,-9.817,222.58,-11.271
2,-9.817,220.34,-11.482
2,-9.817,218.09,-11.682
2,-9.817,215.84,-11.871
2,-9.817,213.59,-12.046
2,-9.817,211.34,-12.209
2,-9.817,209.09,-12.360
2,-9.817,206.85,-12.501
2,-9.817,204.60,-12.629
2,-9.817,202.35,-12.745
2,-9.817,200.10,-12.848
2,-9.817,197.85,-12.938
2,-9.817,195.60,-13.018
2,-9.817,193.36,-13.086
2,-9.817,191.11,-13.145
2,-9.817,188.86,-13.194
2,-9.817,186.61,-13.233
2,-9.817,184.36,-13.265
2,-9.817,182.11,-13.288
2,-9.817,179.87,-13.303
2,-9.817,177.62,-13.313
2,-9.817,175.37,-13.317
2,-9.817,173.12,-13.316
2,-9.817,170.87,-13.311
2,-9.817,168.62,-13.303
2,-9.817,166.38,-13.291
2,-9.817,164.13,-13.276
2,-9.817,161.88,-13.258
2,-9.817,159.63,-13.235
2,-9.817,157.38,-13.209
2,-9.817,155.13,-13.177
2,-9.817,152.89,-13.142
2,-9.817,150.64,-13.102
2,-9.817,148.39,-13.057
2,-9.817,146.14,-13.008
2,-9.817,143.89,-12.955
2,-9.817,141.64,-12.897
2,-9.817,139.40,-12.835
2,-9.817,137.15,-12.768
2,-9.817,134.90,-12.695
2,-9.817,132.65,-12.617
2,-9.817,130.40,-12.533
2,-9.817,128.15,-12.443
2,-9.817,125.91,-12.347
2,-9.817,123.66,-12.245
2,-9.817,121.41,-12.136
2,-9.817,119.16,-12.020
2,-9.817,116.91,-11.897
2,-9.817,114.66,-11.767
2,-9.817,112.42,-11.626
2,-9.817,110.17,-11.478
2,-9.817,107.92,-11.321
2,-9.817,105.67,-11.155
2,-9.817,103.42,-10.980
2,-9.817,101.17,-10.794
2,-9.817,98.93,-10.597
2,-9.817,96.68,-10.390
2,-9.817,94.43,-10.173
2,-9.817,92.18,-9.943
2,-9.817,89.93,-9.701
2,-9.817,87.68,-9.448
2,-9.817,85.44,-9.180
2,-9.817,83.19,-8.900
2,-9.817,80.94,-8.604
2,-9.817,78.69,-8.294
2,-9.817,76.44,-7.963
2,-9.817,74.19,-7.614
2,-9.817,71.95,-7.243
2,-9.817,69.70,-6.845
2,-9.817,67.45,-6.415
2,-9.817,65.20,-5.947
2,-9.817,62.95,-5.433
2,-9.817,60.70,-4.856
2,-9.817,58.46,-4.194
2,-9.817,56.21,-3.396
2,-9.817,53.96,-2.333
3,-7.363,38.22,2.281
3,-7.363,40.47,3.317
3,-7.363,42.72,4.109
3,-7.363,44.97,4.779
3,-7.363,47.21,5.372
3,-7.363,49.46,5.908
3,-7.363,51.71,6.402
3,-7.363,53.96,6.858
3,-7.363,56.21,7.286
3,-7.363,58.46,7.690
3,-7.363,60.70,8.072
3,-7.363,62.95,8.436
3,-7.363,65.20,8.783
3,-7.363,67.45,9.114
3,-7.363,69.70,9.433
3,-7.363,71.95,9.739
3,-7.363,74.19,10.035
3,-7.363,76.44,10.320
3,-7.363,78.69,10.596
3,-7.363,80.94,10.861
3,-7.363,83.19,11.118
3,-7.363,85.44,11.366
3,-7.363,87.68,11.605
3,-7.363,89.93,11.835
3,-7.363,92.18,12.056
3,-7.363,94.43,12.269
3,-7.363,96.68,12.473
3,-7.363,98.93,12.667
3,-7.363,101.17,12.853
3,-7.363,103.42,13.029
3,-7.363,105.67,13.197
3,-7.363,107.92,13.357
3,-7.363,110.17,13.509
3,-7.363,112.42,13.653
3,-7.363,114.66,13.788
3,-7.363,116.91,13.916
3,-7.363,119.16,14.035
3,-7.363,121.41,14.147
3,-7.363,123.66,14.252
3,-7.363,125.91,14.349
3,-7.363,128.15,14.440
3,-7.363,130.40,14.524
3,-7.363,132.65,14.601
3,-7.363,134.90,14.672
3,-7.363,137.15,14.737
3,-7.363,139.40,14.795
3,-7.363,141.64,14.847
3,-7.363,143.89,14.894
3,-7.363,146.14,14.935
3,-7.363,148.39,14.971
3,-7.363,150.64,15.002
3,-7.363,152.89,15.028
3,-7.363,155.13,15.051
3,-7.363,157.38,15.070
3,-7.363,159.63,15.086
3,-7.363,161.88,15.100
3,-7.363,164.13,15.111
3,-7.363,166.38,15.121
3,-7.363,168.62,15.129
3,-7.363,170.87,15.137
3,-7.363,173.12,15.143
3,-7.363,175.37,15.147
3,-7.363,177.62,15.149
3,-7.363,179.87,15.147
3,-7.363,182.11,15.140
3,-7.363,184.36,15.128
3,-7.363,186.61,15.109
3,-7.363,188.86,15.083
3,-7.363,191.11,15.048
3,-7.363,193.36,15.004
3,-7.363,195.60,14.950
3,-7.363,197.85,14.884
3,-7.363,200.10,14.806
3,-7.363,202.35,14.715
3,-7.363,204.60,14.613
3,-7.363,206.85,14.498
3,-7.363,209.09,14.371
3,-7.363,211.34,14.233
3,-7.363,213.59,14.084
3,-7.363,215.84,13.923
3,-7.363,218.09,13.750
3,-7.363,220.34,13.567
3,-7.363,222.58,13.374
3,-7.363,224.83,13.170
3,-7.363,227.08,12.958
3,-7.363,229.33,12.733
3,-7.363,231.58,12.499
3,-7.363,233.83,12.256
3,-7.363,236.07,12.004
3,-7.363,238.32,11.739
3,-7.363,240.57,11.466
3,-7.363,242.82,11.184
3,-7.363,245.07,10.891
3,-7.363,247.32,10.589
3,-7.363,249.56,10.276
3,-7.363,251.81,9.955
3,-7.363,254.06,9.623
3,-7.363,256.31,9.283
3,-7.363,258.56,8.933
3,-7.363,260.81,8.574
3,-7.363,263.05,8.206
3,-7.363,265.30,7.830
3,-7.363,267.55,7.445
3,-7.363,269.80,7.052
3,-7.363,272.05,6.651
3,-7.363,274.30,6.242
3,-7.363,276.54,5.826
3,-7.363,278.79,5.403
3,-7.363,281.04,4.976
3,-7.363,283.29,4.540
3,-7.363,285.54,4.086
3,-7.363,287.79,3.602
3,-7.363,290.03,3.066
3,-7.363,292.28,2.439
3,-7.363,294.53,1.606
3,-7.363,294.53,-1.606
3,-7.363,292.28,-2.439
3,-7.363,290.03,-3.066
3,-7.363,287.79,-3.602
3,-7.363,285.54,-4.086
3,-7.363,283.29,-4.540
3,-7.363,281.04,-4.976
3,-7.363,278.79,-5.403
3,-7.363,276.54,-5.826
3,-7.363,274.30,-6.242
3,-7.363,272.05,-6.651
3,-7.363,269.80,-7.052
3,-7.363,267.55,-7.445
3,-7.363,265.30,-7.830
3,-7.363,263.05,-8.206
3,-7.363,260.81,-8.574
3,-7.363,258.56,-8.933
3,-7.363,256.31,-9.283
3,-7.363,254.06,-9.623
3,-7.363,251.81,-9.955
3,-7.363,249.56,-10.276
3,-7.363,247.32,-10.589
3,-7.363,245.07,-10.891
3,-7.363,242.82,-11.184
3,-7.363,240.57,-11.466
3,-7.363,238.32,-11.739
3,-7.363,236.07,-12.004
3,-7.363,233.83,-12.256
3,-7.363,231.58,-12.499
3,-7.363,229.33,-12.733
3,-7.363,227.08,-12.958
3,-7.363,224.83,-13.170
3,-7.363,222.58,-13.374
3,-7.363,220.34,-13.567
3,-7.363,218.09,-13.750
3,-7.363,215.84,-13.923
3,-7.363,213.59,-14.084
3,-7.363,211.34,-14.233
3,-7.363,209.09,-14.371
3,-7.363,206.85,-14.498
3,-7.363,204.60,-14.613
3,-7.363,202.35,-14.715
3,-7.363,200.10,-14.806
3,-7.363,197.85,-14.884
3,-7.363,195.60,-14.950
3,-7.363,193.36,-15.004
3,-7.363,191.11,-15.048
3,-7.363,188.86,-15.083
3,-7.363,186.61,-15.109
3,-7.363,184.36,-15.128
3,-7.363,182.11,-15.140
3,-7.363,179.87,-15.147
3,-7.363,177.62,-15.149
3,-7.363,175.37,-15.147
3,-7.363,173.12,-15.143
3,-7.363,170.87,-15.137
3,-7.363,168.62,-15.129
3,-7.363,166.38,-15.121
3,-7.363,164.13,-15.111
3,-7.363,161.88,-15.100
3,-7.363,159.63,-15.086
3,-7.363,157.38,-15.070
3,-7.363,155.13,-15.051
3,-7.363,152.89,-15.028
3,-7.363,150.64,-15.002
3,-7.363,148.39,-14.971
3,-7.363,146.14,-14.935
3,-7.363,143.89,-14.894
3,-7.363,141.64,-14.847
3,-7.363,139.40,-14.795
3,-7.363,137.15,-14.737
3,-7.363,134.90,-14.672
3,-7.363,132.65,-14.601
3,-7.363,130.40,-14.524
3,-7.363,128.15,-14.440
3,-7.363,125.91,-14.349
3,-7.363,123.66,-14.252
3,-7.363,121.41,-14.147
3,-7.363,119.16,-14.035
3,-7.363,116.91,-13.916
3,-7.363,114.66,-13.788
3,-7.363,112.42,-13.653
3,-7.363,110.17,-13.509
3,-7.363,107.92,-13.357
3,-7.363,105.67,-13.197
3,-7.363,103.42,-13.029
3,-7.363,101.17,-12.853
3,-7.363,98.93,-12.667
3,-7.363,96.68,-12.473
3,-7.363,94.43,-12.269
3,-7.363,92.18,-12.056
3,-7.363,89.93,-11.835
3,-7.363,87.68,-11.605
3,-7.363,85.44,-11.366
3,-7.363,83.19,-11.118
3,-7.363,80.94,-10.861
3,-7.363,78.69,-10.596
3,-7.363,76.44,-10.320
3,-7.363,74.19,-10.035
3,-7.363,71.95,-9.739
3,-7.363,69.70,-9.433
3,-7.363,67.45,-9.114
3,-7.363,65.20,-8.783
3,-7.363,62.95,-8.436
3,-7.363,60.70,-8.072
3,-7.363,58.46,-7.690
3,-7.363,56.21,-7.286
3,-7.363,53.96,-6.858
3,-7.363,51.71,-6.402
3,-7.363,49.46,-5.908
3,-7.363,47.21,-5.372
3,-7.363,44.97,-4.779
3,-7.363,42.72,-4.109
3,-7.363,40.47,-3.317
3,-7.363,38.22,-2.281
4,-4.909,24.73,1.533
4,-4.909,26.98,2.763
4,-4.909,29.23,3.612
4,-4.909,31.48,4.306
4,-4.909,33.72,4.908
4,-4.909,35.97,5.450
4,-4.909,38.22,5.947
4,-4.909,40.47,6.411
4,-4.909,42.72,6.850
4,-4.909,44.97,7.267
4,-4.909,47.21,7.665
4,-4.909,49.46,8.045
4,-4.909,51.71,8.410
4,-4.909,53.96,8.761
4,-4.909,56.21,9.098
4,-4.909,58.46,9.425
4,-4.909,60.70,9.740
4,-4.909,62.95,10.046
4,-4.909,65.20,10.342
4,-4.909,67.45,10.631
4,-4.909,69.70,10.912
4,-4.909,71.95,11.186
4,-4.909,74.19,11.455
4,-4.909,76.44,11.718
4,-4.909,78.69,11.972
4,-4.909,80.94,12.221
4,-4.909,83.19,12.463
4,-4.909,85.44,12.699
4,-4.909,87.68,12.928
4,-4.909,89.93,13.149
4,-4.909,92.18,13.363
4,-4.909,94.43,13.569
4,-4.909,96.68,13.767
4,-4.909,98.93,13.958
4,-4.909,101.17,14.141
4,-4.909,103.42,14.315
4,-4.909,105.67,14.482
4,-4.909,107.92,14.640
4,-4.909,110.17,14.790
4,-4.909,112.42,14.933
4,-4.909,114.66,15.068
4,-4.909,116.91,15.194
4,-4.909,119.16,15.313
4,-4.909,121.41,15.424
4,-4.909,123.66,15.527
4,-4.909,125.91,15.624
4,-4.909,128.15,15.713
4,-4.909,130.40,15.794
4,-4.909,132.65,15.869
4,-4.909,134.90,15.936
4,-4.909,137.15,15.996
4,-4.909,139.40,16.049
4,-4.909,141.64,16.096
4,-4.909,143.89,16.135
4,-4.909,146.14,16.169
4,-4.909,148.39,16.198
4,-4.909,150.64,16.222
4,-4.909,152.89,16.241
4,-4.909,155.13,16.257
4,-4.909,157.38,16.270
4,-4.909,159.63,16.281
4,-4.909,161.88,16.289
4,-4.909,164.13,16.297
4,-4.909,166.38,16.303
4,-4.909,168.62,16.310
4,-4.909,170.87,16.317
4,-4.909,173.12,16.324
4,-4.909,175.37,16.331
4,-4.909,177.62,16.336
4,-4.909,179.87,16.338
4,-4.909,182.11,16.337
4,-4.909,184.36,16.330
4,-4.909,186.61,16.318
4,-4.909,188.86,16.298
4,-4.909,191.11,16.271
4,-4.909,193.36,16.234
4,-4.909,195.60,16.187
4,-4.909,197.85,16.129
4,-4.909,200.10,16.059
4,-4.909,202.35,15.976
4,-4.909,204.60,15.880
4,-4.909,206.85,15.771
4,-4.909,209.09,15.650
4,-4.909,211.34,15.518
4,-4.909,213.59,15.375
4,-4.909,215.84,15.220
4,-4.909,218.09,15.055
4,-4.909,220.34,14.879
4,-4.909,222.58,14.693
4,-4.909,224.83,14.498
4,-4.909,227.08,14.294
4,-4.909,229.33,14.082
4,-4.909,231.58,13.861
4,-4.909,233.83,13.632
4,-4.909,236.07,13.394
4,-4.909,238.32,13.150
4,-4.909,240.57,12.898
4,-4.909,242.82,12.640
4,-4.909,245.07,12.374
4,-4.909,247.32,12.101
4,-4.909,249.56,11.823
4,-4.909,251.81,11.538
4,-4.909,254.06,11.247
4,-4.909,256.31,10.950
4,-4.909,258.56,10.648
4,-4.909,260.81,10.339
4,-4.909,263.05,10.026
4,-4.909,265.30,9.708
4,-4.909,267.55,9.386
4,-4.909,269.80,9.060
4,-4.909,272.05,8.730
4,-4.909,274.30,8.397
4,-4.909,276.54,8.062
4,-4.909,278.79,7.724
4,-4.909,281.04,7.387
4,-4.909,283.29,7.046
4,-4.909,285.54,6.702
4,-4.909,287.79,6.350
4,-4.909,290.03,5.988
4,-4.909,292.28,5.612
4,-4.909,294.53,5.217
4,-4.909,296.78,4.799
4,-4.909,299.03,4.351
4,-4.909,301.28,3.863
4,-4.909,303.52,3.320
4,-4.909,305.77,2.692
4,-4.909,308.02,1.903
4,-4.909,310.27,0.421
4,-4.909,310.27,-0.421
4,-4.909,308.02,-1.903
4,-4.909,305.77,-2.692
4,-4.909,303.52,-3.320
4,-4.909,301.28,-3.863
4,-4.909,299.03,-4.351
4,-4.909,296.78,-4.799
4,-4.909,294.53,-5.217
4,-4.909,292.28,-5.612
4,-4.909,290.03,-5.988
4,-4.909,287.79,-6.350
4,-4.909,285.54,-6.702
4,-4.909,283.29,-7.046
4,-4.909,281.04,-7.387
4,-4.909,278.79,-7.724
4,-4.909,276.54,-8.062
4,-4.909,274.30,-8.397
4,-4.909,272.05,-8.730
4,-4.909,269.80,-9.060
4,-4.909,267.55,-9.386
4,-4.909,265.30,-9.708
4,-4.909,263.05,-10.026
4,-4.909,260.81,-10.339
4,-4.909,258.56,-10.648
4,-4.909,256.31,-10.950
4,-4.909,254.06,-11.247
4,-4.909,251.81,-11.538
4,-4.909,249.56,-11.823
4,-4.909,247.32,-12.101
4,-4.909,245.07,-12.374
4,-4.909,242.82,-12.640
4,-4.909,240.57,-12.898
4,-4.909,238.32,-13.150
4,-4.909,236.07,-13.394
4,-4.909,233.83,-13.632
4,-4.909,231.58,-13.861
4,-4.909,229.33,-14.082
4,-4.909,227.08,-14.294
4,-4.909,224.83,-14.498
4,-4.909,222.58,-14.693
4,-4.909,220.34,-14.879
4,-4.909,218.09,-15.055
4,-4.909,215.84,-15.220
4,-4.909,213.59,-15.375
4,-4.909,211.34,-15.518
4,-4.909,209.09,-15.650
4,-4.909,206.85,-15.771
4,-4.909,204.60,-15.880
4,-4.909,202.35,-15.976
4,-4.909,200.10,-16.059
4,-4.909,197.85,-16.129
4,-4.909,195.60,-16.187
4,-4.909,193.36,-16.234
4,-4.909,191.11,-16.271
4,-4.909,188.86,-16.298
4,-4.909,186.61,-16.318
4,-4.909,184.36,-16.330
4,-4.909,182.11,-16.337
4,-4.909,179.87,-16.338
4,-4.909,177.62,-16.336
4,-4.909,175.37,-16.331
4,-4.909,173.12,-16.324
4,-4.909,170.87,-16.317
4,-4.909,168.62,-16.310
4,-4.909,166.38,-16.303
4,-4.909,164.13,-16.297
4,-4.909,161.88,-16.289
4,-4.909,159.63,-16.281
4,-4.909,157.38,-16.270
4,-4.909,155.13,-16.257
4,-4.909,152.89,-16.241
4,-4.909,150.64,-16.222
4,-4.909,148.39,-16.198
4,-4.909,146.14,-16.169
4,-4.909,143.89,-16.135
4,-4.909,141.64,-16.096
4,-4.909,139.40,-16.049
4,-4.909,137.15,-15.996
4,-4.909,134.90,-15.936
4,-4.909,132.65,-15.869
4,-4.909,130.40,-15.794
4,-4.909,128.15,-15.713
4,-4.909,125.91,-15.624
4,-4.909,123.66,-15.527
4,-4.909,121.41,-15.424
4,-4.909,119.16,-15.313
4,-4.909,116.91,-15.194
4,-4.909,114.66,-15.068
4,-4.909,112.42,-14.933
4,-4.909,110.17,-14.790
4,-4.909,107.92,-14.640
4,-4.909,105.67,-14.482
4,-4.909,103.42,-14.315
4,-4.909,101.17,-14.141
4,-4.909,98.93,-13.958
4,-4.909,96.68,-13.767
4,-4.909,94.43,-13.569
4,-4.909,92.18,-13.363
4,-4.909,89.93,-13.149
4,-4.909,87.68,-12.928
4,-4.909,85.44,-12.699
4,-4.909,83.19,-12.463
4,-4.909,80.94,-12.221
4,-4.909,78.69,-11.972
4,-4.909,76.44,-11.718
4,-4.909,74.19,-11.455
4,-4.909,71.95,-11.186
4,-4.909,69.70,-10.912
4,-4.909,67.45,-10.631
4,-4.909,65.20,-10.342
4,-4.909,62.95,-10.046
4,-4.909,60.70,-9.740
4,-4.909,58.46,-9.425
4,-4.909,56.21,-9.098
4,-4.909,53.96,-8.761
4,-4.909,51.71,-8.410
4,-4.909,49.46,-8.045
4,-4.909,47.21,-7.665
4,-4.909,44.97,-7.267
4,-4.909,42.72,-6.850
4,-4.909,40.47,-6.411
4,-4.909,38.22,-5.947
4,-4.909,35.97,-5.450
4,-4.909,33.72,-4.908
4,-4.909,31.48,-4.306
4,-4.909,29.23,-3.612
4,-4.909,26.98,-2.763
4,-4.909,24.73,-1.533
5,-2.454,15.74,1.443
5,-2.454,17.99,2.443
5,-2.454,20.23,3.235
5,-2.454,22.48,3.916
5,-2.454,24.73,4.523
5,-2.454,26.98,5.076
5,-2.454,29.23,5.583
5,-2.454,31.48,6.056
5,-2.454,33.72,6.498
5,-2.454,35.97,6.915
5,-2.454,38.22,7.312
5,-2.454,40.47,7.692
5,-2.454,42.72,8.059
5,-2.454,44.97,8.413
5,-2.454,47.21,8.757
5,-2.454,49.46,9.090
5,-2.454,51.71,9.412
5,-2.454,53.96,9.725
5,-2.454,56.21,10.030
5,-2.454,58.46,10.326
5,-2.454,60.70,10.615
5,-2.454,62.95,10.898
5,-2.454,65.20,11.174
5,-2.454,67.45,11.445
5,-2.454,69.70,11.710
5,-2.454,71.95,11.971
5,-2.454,74.19,12.228
5,-2.454,76.44,12.480
5,-2.454,78.69,12.727
5,-2.454,80.94,12.969
5,-2.454,83.19,13.205
5,-2.454,85.44,13.436
5,-2.454,87.68,13.660
5,-2.454,89.93,13.878
5,-2.454,92.18,14.088
5,-2.454,94.43,14.293
5,-2.454,96.68,14.489
5,-2.454,98.93,14.679
5,-2.454,101.17,14.860
5,-2.454,103.42,15.034
5,-2.454,105.67,15.200
5,-2.454,107.92,15.357
5,-2.454,110.17,15.507
5,-2.454,112.42,15.650
5,-2.454,114.66,15.784
5,-2.454,116.91,15.911
5,-2.454,119.16,16.029
5,-2.454,121.41,16.141
5,-2.454,123.66,16.244
5,-2.454,125.91,16.340
5,-2.454,128.15,16.429
5,-2.454,130.40,16.509
5,-2.454,132.65,16.583
5,-2.454,134.90,16.648
5,-2.454,137.15,16.707
5,-2.454,139.40,16.758
5,-2.454,141.64,16.801
5,-2.454,143.89,16.838
5,-2.454,146.14,16.868
5,-2.454,148.39,16.893
5,-2.454,150.64,16.913
5,-2.454,152.89,16.929
5,-2.454,155.13,16.941
5,-2.454,157.38,16.951
5,-2.454,159.63,16.958
5,-2.454,161.88,16.964
5,-2.454,164.13,16.969
5,-2.454,166.38,16.974
5,-2.454,168.62,16.979
5,-2.454,170.87,16.986
5,-2.454,173.12,16.993
5,-2.454,175.37,17.001
5,-2.454,177.62,17.008
5,-2.454,179.87,17.013
5,-2.454,182.11,17.015
5,-2.454,184.36,17.011
5,-2.454,186.61,17.002
5,-2.454,188.86,16.987
5,-2.454,191.11,16.963
5,-2.454,193.36,16.931
5,-2.454,195.60,16.888
5,-2.454,197.85,16.833
5,-2.454,200.10,16.767
5,-2.454,202.35,16.687
5,-2.454,204.60,16.594
5,-2.454,206.85,16.488
5,-2.454,209.09,16.370
5,-2.454,211.34,16.240
5,-2.454,213.59,16.099
5,-2.454,215.84,15.947
5,-2.454,218.09,15.784
5,-2.454,220.34,15.612
5,-2.454,222.58,15.430
5,-2.454,224.83,15.239
5,-2.454,227.08,15.040
5,-2.454,229.33,14.832
5,-2.454,231.58,14.617
5,-2.454,233.83,14.394
5,-2.454,236.07,14.165
5,-2.454,238.32,13.928
5,-2.454,240.57,13.686
5,-2.454,242.82,13.437
5,-2.454,245.07,13.183
5,-2.454,247.32,12.924
5,-2.454,249.56,12.660
5,-2.454,251.81,12.391
5,-2.454,254.06,12.117
5,-2.454,256.31,11.838
5,-2.454,258.56,11.554
5,-2.454,260.81,11.266
5,-2.454,263.05,10.974
5,-2.454,265.30,10.678
5,-2.454,267.55,10.378
5,-2.454,269.80,10.074
5,-2.454,272.05,9.767
5,-2.454,274.30,9.457
5,-2.454,276.54,9.145
5,-2.454,278.79,8.829
5,-2.454,281.04,8.511
5,-2.454,283.29,8.190
5,-2.454,285.54,7.865
5,-2.454,287.79,7.532
5,-2.454,290.03,7.192
5,-2.454,292.28,6.843
5,-2.454,294.53,6.481
5,-2.454,296.78,6.106
5,-2.454,299.03,5.714
5,-2.454,301.28,5.305
5,-2.454,303.52,4.875
5,-2.454,305.77,4.421
5,-2.454,308.02,3.938
5,-2.454,310.27,3.421
5,-2.454,312.52,2.861
5,-2.454,314.77,2.254
5,-2.454,317.01,1.574
5,-2.454,319.26,0.640
5,-2.454,319.26,-0.640
5,-2.454,317.01,-1.574
5,-2.454,314.77,-2.254
5,-2.454,312.52,-2.861
5,-2.454,310.27,-3.421
5,-2.454,308.02,-3.938
5,-2.454,305.77,-4.421
5,-2.454,303.52,-4.875
5,-2.454,301.28,-5.305
5,-2.454,299.03,-5.714
5,-2.454,296.78,-6.106
5,-2.454,294.53,-6.481
5,-2.454,292.28,-6.843
5,-2.454,290.03,-7.192
5,-2.454,287.79,-7.532
5,-2.454,285.54,-7.865
5,-2.454,283.29,-8.190
5,-2.454,281.04,-8.511
5,-2.454,278.79,-8.829
5,-2.454,276.54,-9.145
5,-2.454,274.30,-9.457
5,-2.454,272.05,-9.767
5,-2.454,269.80,-10.074
5,-2.454,267.55,-10.378
5,-2.454,265.30,-10.678
5,-2.454,263.05,-10.974
5,-2.454,260.81,-11.266
5,-2.454,258.56,-11.554
5,-2.454,256.31,-11.838
5,-2.454,254.06,-12.117
5,-2.454,251.81,-12.391
5,-2.454,249.56,-12.660
5,-2.454,247.32,-12.924
5,-2.454,245.07,-13.183
5,-2.454,242.82,-13.437
5,-2.454,240.57,-13.686
5,-2.454,238.32,-13.928
5,-2.454,236.07,-14.165
5,-2.454,233.83,-14.394
5,-2.454,231.58,-14.617
5,-2.454,229.33,-14.832
5,-2.454,227.08,-15.040
5,-2.454,224.83,-15.239
5,-2.454,222.58,-15.430
5,-2.454,220.34,-15.612
5,-2.454,218.09,-15.784
5,-2.454,215.84,-15.947
5,-2.454,213.59,-16.099
5,-2.454,211.34,-16.240
5,-2.454,209.09,-16.370
5,-2.454,206.85,-16.488
5,-2.454,204.60,-16.594
5,-2.454,202.35,-16.687
5,-2.454,200.10,-16.767
5,-2.454,197.85,-16.833
5,-2.454,195.60,-16.888
5,-2.454,193.36,-16.931
5,-2.454,191.11,-16.963
5,-2.454,188.86,-16.987
5,-2.454,186.61,-17.002
5,-2.454,184.36,-17.011
5,-2.454,182.11,-17.015
5,-2.454,179.87,-17.013
5,-2.454,177.62,-17.008
5,-2.454,175.37,-17.001
5,-2.454,173.12,-16.993
5,-2.454,170.87,-16.986
5,-2.454,168.62,-16.979
5,-2.454,166.38,-16.974
5,-2.454,164.13,-16.969
5,-2.454,161.88,-16.964
5,-2.454,159.63,-16.958
5,-2.454,157.38,-16.951
5,-2.454,155.13,-16.941
5,-2.454,152.89,-16.929
5,-2.454,150.64,-16.913
5,-2.454,148.39,-16.893
5,-2.454,146.14,-16.868
5,-2.454,143.89,-16.838
5,-2.454,141.64,-16.801
5,-2.454,139.40,-16.758
5,-2.454,137.15,-16.707
5,-2.454,134.90,-16.648
5,-2.454,132.65,-16.583
5,-2.454,130.40,-16.509
5,-2.454,128.15,-16.429
5,-2.454,125.91,-16.340
5,-2.454,123.66,-16.244
5,-2.454,121.41,-16.141
5,-2.454,119.16,-16.029
5,-2.454,116.91,-15.911
5,-2.454,114.66,-15.784
5,-2.454,112.42,-15.650
5,-2.454,110.17,-15.507
5,-2.454,107.92,-15.357
5,-2.454,105.67,-15.200
5,-2.454,103.42,-15.034
5,-2.454,101.17,-14.860
5,-2.454,98.93,-14.679
5,-2.454,96.68,-14.489
5,-2.454,94.43,-14.293
5,-2.454,92.18,-14.088
5,-2.454,89.93,-13.878
5,-2.454,87.68,-13.660
5,-2.454,85.44,-13.436
5,-2.454,83.19,-13.205
5,-2.454,80.94,-12.969
5,-2.454,78.69,-12.727
5,-2.454,76.44,-12.480
5,-2.454,74.19,-12.228
5,-2.454,71.95,-11.971
5,-2.454,69.70,-11.710
5,-2.454,67.45,-11.445
5,-2.454,65.20,-11.174
5,-2.454,62.95,-10.898
5,-2.454,60.70,-10.615
5,-2.454,58.46,-10.326
5,-2.454,56.21,-10.030
5,-2.454,53.96,-9.725
5,-2.454,51.71,-9.412
5,-2.454,49.46,-9.090
5,-2.454,47.21,-8.757
5,-2.454,44.97,-8.413
5,-2.454,42.72,-8.059
5,-2.454,40.47,-7.692
5,-2.454,38.22,-7.312
5,-2.454,35.97,-6.915
5,-2.454,33.72,-6.498
5,-2.454,31.48,-6.056
5,-2.454,29.23,-5.583
5,-2.454,26.98,-5.076
5,-2.454,24.73,-4.523
5,-2.454,22.48,-3.916
5,-2.454,20.23,-3.235
5,-2.454,17.99,-2.443
5,-2.454,15.74,-1.443
6,0.000,0.00,0.000
6,0.000,2.25,0.082
6,0.000,4.50,0.312
6,0.000,6.74,0.666
6,0.000,8.99,1.120
6,0.000,11.24,1.650
6,0.000,13.49,2.234
6,0.000,15.74,2.846
6,0.000,17.99,3.463
6,0.000,20.23,4.061
6,0.000,22.48,4.623
6,0.000,24.73,5.148
6,0.000,26.98,5.639
6,0.000,29.23,6.101
6,0.000,31.48,6.536
6,0.000,33.72,6.948
6,0.000,35.97,7.339
6,0.000,38.22,7.714
6,0.000,40.47,8.074
6,0.000,42.72,8.424
6,0.000,44.97,8.763
6,0.000,47.21,9.092
6,0.000,49.46,9.412
6,0.000,51.71,9.724
6,0.000,53.96,10.027
6,0.000,56.21,10.322
6,0.000,58.46,10.610
6,0.000,60.70,10.892
6,0.000,62.95,11.168
6,0.000,65.20,11.438
6,0.000,67.45,11.704
6,0.000,69.70,11.965
6,0.000,71.95,12.223
6,0.000,74.19,12.476
6,0.000,76.44,12.725
6,0.000,78.69,12.970
6,0.000,80.94,13.209
6,0.000,83.19,13.444
6,0.000,85.44,13.673
6,0.000,87.68,13.896
6,0.000,89.93,14.113
6,0.000,92.18,14.323
6,0.000,94.43,14.527
6,0.000,96.68,14.723
6,0.000,98.93,14.912
6,0.000,101.17,15.094
6,0.000,103.42,15.267
6,0.000,105.67,15.433
6,0.000,107.92,15.591
6,0.000,110.17,15.741
6,0.000,112.42,15.883
6,0.000,114.66,16.017
6,0.000,116.91,16.144
6,0.000,119.16,16.263
6,0.000,121.41,16.374
6,0.000,123.66,16.478
6,0.000,125.91,16.573
6,0.000,128.15,16.662
6,0.000,130.40,16.742
6,0.000,132.65,16.815
6,0.000,134.90,16.880
6,0.000,137.15,16.938
6,0.000,139.40,16.988
6,0.000,141.64,17.030
6,0.000,143.89,17.066
6,0.000,146.14,17.095
6,0.000,148.39,17.119
6,0.000,150.64,17.137
6,0.000,152.89,17.152
6,0.000,155.13,17.163
6,0.000,157.38,17.171
6,0.000,159.63,17.178
6,0.000,161.88,17.182
6,0.000,164.13,17.187
6,0.000,166.38,17.191
6,0.000,168.62,17.196
6,0.000,170.87,17.203
6,0.000,173.12,17.211
6,0.000,175.37,17.219
6,0.000,177.62,17.227
6,0.000,179.87,17.232
6,0.000,182.11,17.234
6,0.000,184.36,17.232
6,0.000,186.61,17.225
6,0.000,188.86,17.210
6,0.000,191.11,17.188
6,0.000,193.36,17.157
6,0.000,195.60,17.115
6,0.000,197.85,17.062
6,0.000,200.10,16.997
6,0.000,202.35,16.918
6,0.000,204.60,16.826
6,0.000,206.85,16.721
6,0.000,209.09,16.604
6,0.000,211.34,16.475
6,0.000,213.59,16.335
6,0.000,215.84,16.183
6,0.000,218.09,16.022
6,0.000,220.34,15.851
6,0.000,222.58,15.670
6,0.000,224.83,15.480
6,0.000,227.08,15.282
6,0.000,229.33,15.075
6,0.000,231.58,14.861
6,0.000,233.83,14.640
6,0.000,236.07,14.412
6,0.000,238.32,14.178
6,0.000,240.57,13.939
6,0.000,242.82,13.694
6,0.000,245.07,13.444
6,0.000,247.32,13.188
6,0.000,249.56,12.928
6,0.000,251.81,12.663
6,0.000,254.06,12.394
6,0.000,256.31,12.120
6,0.000,258.56,11.842
6,0.000,260.81,11.560
6,0.000,263.05,11.273
6,0.000,265.30,10.983
6,0.000,267.55,10.689
6,0.000,269.80,10.391
6,0.000,272.05,10.090
6,0.000,274.30,9.786
6,0.000,276.54,9.479
6,0.000,278.79,9.168
6,0.000,281.04,8.855
6,0.000,283.29,8.538
6,0.000,285.54,8.216
6,0.000,287.79,7.888
6,0.000,290.03,7.552
6,0.000,292.28,7.207
6,0.000,294.53,6.851
6,0.000,296.78,6.483
6,0.000,299.03,6.102
6,0.000,301.28,5.706
6,0.000,303.52,5.293
6,0.000,305.77,4.863
6,0.000,308.02,4.413
6,0.000,310.27,3.943
6,0.000,312.52,3.453
6,0.000,314.77,2.955
6,0.000,317.01,2.459
6,0.000,319.26,1.979
6,0.000,321.51,1.524
6,0.000,323.76,1.107
6,0.000,326.01,0.740
6,0.000,328.26,0.434
6,0.000,330.50,0.200
6,0.000,332.75,0.052
6,0.000,335.00,0.000
6,0.000,335.00,-0.000
6,0.000,332.75,-0.052
6,0.000,330.50,-0.200
6,0.000,328.26,-0.434
6,0.000,326.01,-0.740
6,0.000,323.76,-1.107
6,0.000,321.51,-1.524
6,0.000,319.26,-1.979
6,0.000,317.01,-2.459
6,0.000,314.77,-2.955
6,0.000,312.52,-3.453
6,0.000,310.27,-3.943
6,0.000,308.02,-4.413
6,0.000,305.77,-4.863
6,0.000,303.52,-5.293
6,0.000,301.28,-5.706
6,0.000,299.03,-6.102
6,0.000,296.78,-6.483
6,0.000,294.53,-6.851
6,0.000,292.28,-7.207
6,0.000,290.03,-7.552
6,0.000,287.79,-7.888
6,0.000,285.54,-8.216
6,0.000,283.29,-8.538
6,0.000,281.04,-8.855
6,0.000,278.79,-9.168
6,0.000,276.54,-9.479
6,0.000,274.30,-9.786
6,0.000,272.05,-10.090
6,0.000,269.80,-10.391
6,0.000,267.55,-10.689
6,0.000,265.30,-10.983
6,0.000,263.05,-11.273
6,0.000,260.81,-11.560
6,0.000,258.56,-11.842
6,0.000,256.31,-12.120
6,0.000,254.06,-12.394
6,0.000,251.81,-12.663
6,0.000,249.56,-12.928
6,0.000,247.32,-13.188
6,0.000,245.07,-13.444
6,0.000,242.82,-13.694
6,0.000,240.57,-13.939
6,0.000,238.32,-14.178
6,0.000,236.07,-14.412
6,0.000,233.83,-14.640
6,0.000,231.58,-14.861
6,0.000,229.33,-15.075
6,0.000,227.08,-15.282
6,0.000,224.83,-15.480
6,0.000,222.58,-15.670
6,0.000,220.34,-15.851
6,0.000,218.09,-16.022
6,0.000,215.84,-16.183
6,0.000,213.59,-16.335
6,0.000,211.34,-16.475
6,0.000,209.09,-16.604
6,0.000,206.85,-16.721
6,0.000,204.60,-16.826
6,0.000,202.35,-16.918
6,0.000,200.10,-16.997
6,0.000,197.85,-17.062
6,0.000,195.60,-17.115
6,0.000,193.36,-17.157
6,0.000,191.11,-17.188
6,0.000,188.86,-17.210
6,0.000,186.61,-17.225
6,0.000,184.36,-17.232
6,0.000,182.11,-17.234
6,0.000,179.87,-17.232
6,0.000,177.62,-17.227
6,0.000,175.37,-17.219
6,0.000,173.12,-17.211
6,0.000,170.87,-17.203
6,0.000,168.62,-17.196
6,0.000,166.38,-17.191
6,0.000,164.13,-17.187
6,0.000,161.88,-17.182
6,0.000,159.63,-17.178
6,0.000,157.38,-17.171
6,0.000,155.13,-17.163
6,0.000,152.89,-17.152
6,0.000,150.64,-17.137
6,0.000,148.39,-17.119
6,0.000,146.14,-17.095
6,0.000,143.89,-17.066
6,0.000,141.64,-17.030
6,0.000,139.40,-16.988
6,0.000,137.15,-16.938
6,0.000,134.90,-16.880
6,0.000,132.65,-16.815
6,0.000,130.40,-16.742
6,0.000,128.15,-16.662
6,0.000,125.91,-16.573
6,0.000,123.66,-16.478
6,0.000,121.41,-16.374
6,0.000,119.16,-16.263
6,0.000,116.91,-16.144
6,0.000,114.66,-16.017
6,0.000,112.42,-15.883
6,0.000,110.17,-15.741
6,0.000,107.92,-15.591
6,0.000,105.67,-15.433
6,0.000,103.42,-15.267
6,0.000,101.17,-15.094
6,0.000,98.93,-14.912
6,0.000,96.68,-14.723
6,0.000,94.43,-14.527
6,0.000,92.18,-14.323
6,0.000,89.93,-14.113
6,0.000,87.68,-13.896
6,0.000,85.44,-13.673
6,0.000,83.19,-13.444
6,0.000,80.94,-13.209
6,0.000,78.69,-12.970
6,0.000,76.44,-12.725
6,0.000,74.19,-12.476
6,0.000,71.95,-12.223
6,0.000,69.70,-11.965
6,0.000,67.45,-11.704
6,0.000,65.20,-11.438
6,0.000,62.95,-11.168
6,0.000,60.70,-10.892
6,0.000,58.46,-10.610
6,0.000,56.21,-10.322
6,0.000,53.96,-10.027
6,0.000,51.71,-9.724
6,0.000,49.46,-9.412
6,0.000,47.21,-9.092
6,0.000,44.97,-8.763
6,0.000,42.72,-8.424
6,0.000,40.47,-8.074
6,0.000,38.22,-7.714
6,0.000,35.97,-7.339
6,0.000,33.72,-6.948
6,0.000,31.48,-6.536
6,0.000,29.23,-6.101
6,0.000,26.98,-5.639
6,0.000,24.73,-5.148
6,0.000,22.48,-4.623
6,0.000,20.23,-4.061
6,0.000,17.99,-3.463
6,0.000,15.74,-2.846
6,0.000,13.49,-2.234
6,0.000,11.24,-1.650
6,0.000,8.99,-1.120
6,0.000,6.74,-0.666
6,0.000,4.50,-0.312
6,0.000,2.25,-0.082
6,0.000,0.00,-0.000
